bag_time_ns,bag_time_sec,stamp.sec,stamp.nanosec,level,name,msg,file,function,line
1780471461218688143,1780471461.218688250,1780471461,199247739,20,rosbag2_recorder,Press SPACE for pausing/resuming,./src/rosbag2_transport/recorder.cpp,Recorder,104
1780471461218747506,1780471461.218747616,1780471461,205775577,20,rosbag2_recorder,Listening for topics...,./src/rosbag2_transport/recorder.cpp,record,195
1780471461218771923,1780471461.218771935,1780471461,205816636,20,rosbag2_recorder,Event publisher thread: Starting,./src/rosbag2_transport/recorder.cpp,event_publisher_thread_main,215
1780471461218791573,1780471461.218791485,1780471461,210012317,20,rosbag2_recorder,Subscribed to topic '/rosout',./src/rosbag2_transport/recorder.cpp,subscribe_topic,368
1780471461218810326,1780471461.218810320,1780471461,212186258,20,rosbag2_recorder,Subscribed to topic '/parameter_events',./src/rosbag2_transport/recorder.cpp,subscribe_topic,368
1780471461218837527,1780471461.218837500,1780471461,213887053,20,rosbag2_recorder,Subscribed to topic '/events/write_split',./src/rosbag2_transport/recorder.cpp,subscribe_topic,368
1780471461218858104,1780471461.218858004,1780471461,217074104,20,rosbag2_recorder,Subscribed to topic '/cmd_vel',./src/rosbag2_transport/recorder.cpp,subscribe_topic,368
1780471461218877241,1780471461.218877316,1780471461,217737084,20,rosbag2_recorder,Recording...,./src/rosbag2_transport/recorder.cpp,record,209
1780471461221747859,1780471461.221747875,1780471453,306208563,20,laica_velocity_predictor,"Loadcell data received, but waiting for calibration done flag",/home/artemis/Documents/LAICA_ws/src/laica_bringup/src/laica_velocity_predictor.cpp,handleLoadCellValues,491
1780471461221812279,1780471461.221812248,1780471453,306354586,20,laica_velocity_predictor,Loadcell calibration done flag received; admittance can start zeroing,/home/artemis/Documents/LAICA_ws/src/laica_bringup/src/laica_velocity_predictor.cpp,loadCellCalibrationDoneCallback,521
1780471461221837496,1780471461.221837521,1780471453,315632204,20,laica_velocity_predictor,Starting 3.00 s predictor force zeroing. Keep leash/loadcell relaxed.,/home/artemis/Documents/LAICA_ws/src/laica_bringup/src/laica_velocity_predictor.cpp,updateForceZero,606
1780471461221857273,1780471461.221857309,1780471456,325616431,20,laica_velocity_predictor,Predictor force zeroing complete: offset=0.451511 from 302 samples,/home/artemis/Documents/LAICA_ws/src/laica_bringup/src/laica_velocity_predictor.cpp,updateForceZero,619
1780471461221875194,1780471461.221875191,1780471456,343733210,20,laica_velocity_predictor,Admittance force raw=0.094 zeroed=-0.357 filtered=-0.357 eff=0.000 adm_vx=0.000 cmd_vx=0.010,/home/artemis/Documents/LAICA_ws/src/laica_bringup/src/laica_velocity_predictor.cpp,computeAdmittanceVelocity,665
1780471461221893627,1780471461.221893549,1780471457,343773774,20,laica_velocity_predictor,Admittance force raw=-51.113 zeroed=-51.565 filtered=-32.545 eff=-27.545 adm_vx=-0.182 cmd_vx=0.332,/home/artemis/Documents/LAICA_ws/src/laica_bringup/src/laica_velocity_predictor.cpp,computeAdmittanceVelocity,665
1780471461221911804,1780471461.221911907,1780471458,343814766,20,laica_velocity_predictor,Admittance force raw=-35.403 zeroed=-35.854 filtered=-19.537 eff=-14.537 adm_vx=-0.189 cmd_vx=0.311,/home/artemis/Documents/LAICA_ws/src/laica_bringup/src/laica_velocity_predictor.cpp,computeAdmittanceVelocity,665
1780471461221940702,1780471461.221940756,1780471459,343853914,20,laica_velocity_predictor,Admittance force raw=-19.919 zeroed=-20.371 filtered=-21.185 eff=-16.185 adm_vx=-0.259 cmd_vx=0.241,/home/artemis/Documents/LAICA_ws/src/laica_bringup/src/laica_velocity_predictor.cpp,computeAdmittanceVelocity,665
1780471461221963455,1780471461.221963406,1780471460,344124734,20,laica_velocity_predictor,Admittance force raw=-25.580 zeroed=-26.032 filtered=-26.794 eff=-21.794 adm_vx=-0.292 cmd_vx=0.208,/home/artemis/Documents/LAICA_ws/src/laica_bringup/src/laica_velocity_predictor.cpp,computeAdmittanceVelocity,665
1780471461346196783,1780471461.346196890,1780471461,344556919,20,laica_velocity_predictor,Admittance force raw=-22.240 zeroed=-22.692 filtered=-21.163 eff=-16.163 adm_vx=-0.242 cmd_vx=0.258,/home/artemis/Documents/LAICA_ws/src/laica_bringup/src/laica_velocity_predictor.cpp,computeAdmittanceVelocity,665
1780471462336552662,1780471462.336552620,1780471462,336374829,20,rosbag2_recorder,Subscribed to topic '/load_cell/data',./src/rosbag2_transport/recorder.cpp,subscribe_topic,368
1780471462339530870,1780471462.339530945,1780471462,339350412,20,rosbag2_recorder,Subscribed to topic '/load_cell/calibration_done',./src/rosbag2_transport/recorder.cpp,subscribe_topic,368
1780471462343946339,1780471462.343946457,1780471462,343761337,20,rosbag2_recorder,Subscribed to topic '/switch/data',./src/rosbag2_transport/recorder.cpp,subscribe_topic,368
1780471462348492632,1780471462.348492622,1780471462,348306734,20,rosbag2_recorder,Subscribed to topic '/sensor_ranges',./src/rosbag2_transport/recorder.cpp,subscribe_topic,368
1780471462352498159,1780471462.352498055,1780471462,352343622,20,rosbag2_recorder,Subscribed to topic '/joint_states',./src/rosbag2_transport/recorder.cpp,subscribe_topic,368
1780471462355421100,1780471462.355421066,1780471462,355281572,20,rosbag2_recorder,Subscribed to topic '/encoder/data',./src/rosbag2_transport/recorder.cpp,subscribe_topic,368
1780471462359680785,1780471462.359680891,1780471462,359478918,20,rosbag2_recorder,Subscribed to topic '/tf',./src/rosbag2_transport/recorder.cpp,subscribe_topic,368
1780471462362111891,1780471462.362111807,1780471453,305155642,20,arduino_sensor_pub,"Loadcell startup calibration complete: raw_offset=-6235.03, voltage_offset=-0.029032 mV, force_offset=13.833093 N (501 samples)",/home/artemis/Documents/LAICA_ws/src/LAICA_enclc/src/arduino_sensor_pub.cpp,updateLoadCellStartupCalibration,378
1780471462362181847,1780471462.362181902,1780471458,305525447,30,arduino_sensor_pub,Arduino parse errors: 1,/home/artemis/Documents/LAICA_ws/src/LAICA_enclc/src/arduino_sensor_pub.cpp,publishSensorData,339
1780471462363484669,1780471462.363484621,1780471462,363303731,20,rosbag2_recorder,Subscribed to topic '/odom',./src/rosbag2_transport/recorder.cpp,subscribe_topic,368
1780471462364456913,1780471462.364456892,1780471462,364047259,20,laica_velocity_predictor,Admittance force raw=-15.022 zeroed=-15.473 filtered=-10.234 eff=-5.234 adm_vx=-0.045 cmd_vx=0.455,/home/artemis/Documents/LAICA_ws/src/laica_bringup/src/laica_velocity_predictor.cpp,computeAdmittanceVelocity,665
1780471462366996794,1780471462.366996765,1780471462,366840657,20,rosbag2_recorder,Subscribed to topic '/imu',./src/rosbag2_transport/recorder.cpp,subscribe_topic,368
1780471462369967417,1780471462.369967461,1780471462,369800656,20,rosbag2_recorder,Subscribed to topic '/bms_state',./src/rosbag2_transport/recorder.cpp,subscribe_topic,368
1780471462386598230,1780471462.386598349,1780471453,305963461,20,laica_velocity_predictor,Loadcell calibration done flag received; admittance can start zeroing,/home/artemis/Documents/LAICA_ws/src/laica_bringup/src/laica_velocity_predictor.cpp,loadCellCalibrationDoneCallback,521
1780471462386653753,1780471462.386653662,1780471453,315523046,20,laica_velocity_predictor,Starting 3.00 s predictor force zeroing. Keep leash/loadcell relaxed.,/home/artemis/Documents/LAICA_ws/src/laica_bringup/src/laica_velocity_predictor.cpp,updateForceZero,606
1780471462386689979,1780471462.386689901,1780471456,325605518,20,laica_velocity_predictor,Predictor force zeroing complete: offset=0.451511 from 302 samples,/home/artemis/Documents/LAICA_ws/src/laica_bringup/src/laica_velocity_predictor.cpp,updateForceZero,619
1780471462386720765,1780471462.386720657,1780471456,344346171,20,laica_velocity_predictor,Admittance force raw=0.094 zeroed=-0.357 filtered=-0.357 eff=0.000 adm_vx=0.000 cmd_vx=0.010,/home/artemis/Documents/LAICA_ws/src/laica_bringup/src/laica_velocity_predictor.cpp,computeAdmittanceVelocity,665
1780471462386764223,1780471462.386764288,1780471457,344386607,20,laica_velocity_predictor,Admittance force raw=-51.113 zeroed=-51.565 filtered=-32.542 eff=-27.542 adm_vx=-0.182 cmd_vx=0.332,/home/artemis/Documents/LAICA_ws/src/laica_bringup/src/laica_velocity_predictor.cpp,computeAdmittanceVelocity,665
1780471462386796897,1780471462.386796951,1780471458,344451824,20,laica_velocity_predictor,Admittance force raw=-35.403 zeroed=-35.854 filtered=-19.543 eff=-14.543 adm_vx=-0.190 cmd_vx=0.310,/home/artemis/Documents/LAICA_ws/src/laica_bringup/src/laica_velocity_predictor.cpp,computeAdmittanceVelocity,665
1780471462386826115,1780471462.386826038,1780471459,344488668,20,laica_velocity_predictor,Admittance force raw=-19.919 zeroed=-20.371 filtered=-21.185 eff=-16.185 adm_vx=-0.259 cmd_vx=0.241,/home/artemis/Documents/LAICA_ws/src/laica_bringup/src/laica_velocity_predictor.cpp,computeAdmittanceVelocity,665
1780471462386854084,1780471462.386854172,1780471460,344555349,20,laica_velocity_predictor,Admittance force raw=-25.580 zeroed=-26.032 filtered=-26.799 eff=-21.799 adm_vx=-0.292 cmd_vx=0.208,/home/artemis/Documents/LAICA_ws/src/laica_bringup/src/laica_velocity_predictor.cpp,computeAdmittanceVelocity,665
1780471462386882694,1780471462.386882782,1780471461,344605945,20,laica_velocity_predictor,Admittance force raw=-22.240 zeroed=-22.692 filtered=-21.098 eff=-16.098 adm_vx=-0.242 cmd_vx=0.258,/home/artemis/Documents/LAICA_ws/src/laica_bringup/src/laica_velocity_predictor.cpp,computeAdmittanceVelocity,665
1780471462386912007,1780471462.386912107,1780471462,344671530,20,laica_velocity_predictor,Admittance force raw=-13.352 zeroed=-13.803 filtered=-9.530 eff=-4.530 adm_vx=-0.044 cmd_vx=0.456,/home/artemis/Documents/LAICA_ws/src/laica_bringup/src/laica_velocity_predictor.cpp,computeAdmittanceVelocity,665
1780471463345193504,1780471463.345193386,1780471463,344724870,20,laica_velocity_predictor,Admittance force raw=-2.708 zeroed=-3.160 filtered=-9.547 eff=-4.547 adm_vx=-0.052 cmd_vx=0.448,/home/artemis/Documents/LAICA_ws/src/laica_bringup/src/laica_velocity_predictor.cpp,computeAdmittanceVelocity,665
1780471463364677494,1780471463.364677429,1780471463,364110360,20,laica_velocity_predictor,Admittance force raw=-1.067 zeroed=-1.518 filtered=-8.601 eff=-3.601 adm_vx=-0.051 cmd_vx=0.449,/home/artemis/Documents/LAICA_ws/src/laica_bringup/src/laica_velocity_predictor.cpp,computeAdmittanceVelocity,665
1780471464345562136,1780471464.345562220,1780471464,344850770,20,laica_velocity_predictor,Admittance force raw=-5.850 zeroed=-6.302 filtered=-5.170 eff=-0.170 adm_vx=-0.007 cmd_vx=0.493,/home/artemis/Documents/LAICA_ws/src/laica_bringup/src/laica_velocity_predictor.cpp,computeAdmittanceVelocity,665
1780471464366684999,1780471464.366684914,1780471464,364171648,20,laica_velocity_predictor,Admittance force raw=-14.541 zeroed=-14.992 filtered=-6.330 eff=-1.330 adm_vx=-0.008 cmd_vx=0.492,/home/artemis/Documents/LAICA_ws/src/laica_bringup/src/laica_velocity_predictor.cpp,computeAdmittanceVelocity,665
1780471465364621257,1780471465.364621162,1780471465,364181202,20,laica_velocity_predictor,Admittance force raw=-5.935 zeroed=-6.387 filtered=-1.588 eff=0.000 adm_vx=-0.001 cmd_vx=0.499,/home/artemis/Documents/LAICA_ws/src/laica_bringup/src/laica_velocity_predictor.cpp,computeAdmittanceVelocity,665
1780471465365649825,1780471465.365649939,1780471465,364814964,20,laica_velocity_predictor,Admittance force raw=-5.935 zeroed=-6.387 filtered=-1.589 eff=0.000 adm_vx=-0.001 cmd_vx=0.499,/home/artemis/Documents/LAICA_ws/src/laica_bringup/src/laica_velocity_predictor.cpp,computeAdmittanceVelocity,665
1780471466365068062,1780471466.365067959,1780471466,364308309,20,laica_velocity_predictor,Admittance force raw=3.576 zeroed=3.124 filtered=-0.545 eff=0.000 adm_vx=-0.000 cmd_vx=0.500,/home/artemis/Documents/LAICA_ws/src/laica_bringup/src/laica_velocity_predictor.cpp,computeAdmittanceVelocity,665
1780471466365210309,1780471466.365210295,1780471466,364894228,20,laica_velocity_predictor,Admittance force raw=3.576 zeroed=3.124 filtered=-0.544 eff=0.000 adm_vx=-0.000 cmd_vx=0.500,/home/artemis/Documents/LAICA_ws/src/laica_bringup/src/laica_velocity_predictor.cpp,computeAdmittanceVelocity,665
1780471467365485756,1780471467.365485668,1780471467,364310173,20,laica_velocity_predictor,Admittance force raw=6.152 zeroed=5.700 filtered=1.812 eff=0.000 adm_vx=-0.000 cmd_vx=0.500,/home/artemis/Documents/LAICA_ws/src/laica_bringup/src/laica_velocity_predictor.cpp,computeAdmittanceVelocity,665
1780471467365643941,1780471467.365643978,1780471467,364936543,20,laica_velocity_predictor,Admittance force raw=6.152 zeroed=5.700 filtered=1.816 eff=0.000 adm_vx=-0.000 cmd_vx=0.500,/home/artemis/Documents/LAICA_ws/src/laica_bringup/src/laica_velocity_predictor.cpp,computeAdmittanceVelocity,665
1780471468306350307,1780471468.306350231,1780471468,306072276,30,arduino_sensor_pub,Arduino parse errors: 1,/home/artemis/Documents/LAICA_ws/src/LAICA_enclc/src/arduino_sensor_pub.cpp,publishSensorData,339
1780471468364965780,1780471468.364965677,1780471468,364377621,20,laica_velocity_predictor,Admittance force raw=2.868 zeroed=2.417 filtered=2.514 eff=0.000 adm_vx=-0.000 cmd_vx=0.500,/home/artemis/Documents/LAICA_ws/src/laica_bringup/src/laica_velocity_predictor.cpp,computeAdmittanceVelocity,665
1780471468367775883,1780471468.367775917,1780471468,364986933,20,laica_velocity_predictor,Admittance force raw=2.868 zeroed=2.417 filtered=2.516 eff=0.000 adm_vx=-0.000 cmd_vx=0.500,/home/artemis/Documents/LAICA_ws/src/laica_bringup/src/laica_velocity_predictor.cpp,computeAdmittanceVelocity,665
1780471469364944786,1780471469.364944696,1780471469,364419286,20,laica_velocity_predictor,Admittance force raw=-1.519 zeroed=-1.971 filtered=1.159 eff=0.000 adm_vx=-0.000 cmd_vx=0.500,/home/artemis/Documents/LAICA_ws/src/laica_bringup/src/laica_velocity_predictor.cpp,computeAdmittanceVelocity,665
1780471469365759038,1780471469.365759134,1780471469,365068345,20,laica_velocity_predictor,Admittance force raw=-1.519 zeroed=-1.971 filtered=1.159 eff=0.000 adm_vx=-0.000 cmd_vx=0.500,/home/artemis/Documents/LAICA_ws/src/laica_bringup/src/laica_velocity_predictor.cpp,computeAdmittanceVelocity,665
1780471470365158408,1780471470.365158319,1780471470,364512582,20,laica_velocity_predictor,Admittance force raw=10.992 zeroed=10.541 filtered=8.114 eff=3.114 adm_vx=0.048 cmd_vx=0.548,/home/artemis/Documents/LAICA_ws/src/laica_bringup/src/laica_velocity_predictor.cpp,computeAdmittanceVelocity,665
1780471470365581311,1780471470.365581274,1780471470,365157800,20,laica_velocity_predictor,Admittance force raw=10.992 zeroed=10.541 filtered=8.100 eff=3.100 adm_vx=0.048 cmd_vx=0.548,/home/artemis/Documents/LAICA_ws/src/laica_bringup/src/laica_velocity_predictor.cpp,computeAdmittanceVelocity,665
1780471471365971562,1780471471.365971565,1780471471,364529821,20,laica_velocity_predictor,Admittance force raw=18.380 zeroed=17.929 filtered=13.001 eff=8.001 adm_vx=0.056 cmd_vx=0.556,/home/artemis/Documents/LAICA_ws/src/laica_bringup/src/laica_velocity_predictor.cpp,computeAdmittanceVelocity,665
1780471471366104370,1780471471.366104364,1780471471,365254468,20,laica_velocity_predictor,Admittance force raw=18.380 zeroed=17.929 filtered=13.002 eff=8.002 adm_vx=0.056 cmd_vx=0.556,/home/artemis/Documents/LAICA_ws/src/laica_bringup/src/laica_velocity_predictor.cpp,computeAdmittanceVelocity,665
1780471472365177185,1780471472.365177155,1780471472,364577057,20,laica_velocity_predictor,Admittance force raw=1.255 zeroed=0.803 filtered=4.552 eff=0.000 adm_vx=0.002 cmd_vx=0.502,/home/artemis/Documents/LAICA_ws/src/laica_bringup/src/laica_velocity_predictor.cpp,computeAdmittanceVelocity,665
1780471472385752405,1780471472.385752439,1780471472,385187958,20,laica_velocity_predictor,Admittance force raw=8.048 zeroed=7.597 filtered=4.913 eff=0.000 adm_vx=0.002 cmd_vx=0.502,/home/artemis/Documents/LAICA_ws/src/laica_bringup/src/laica_velocity_predictor.cpp,computeAdmittanceVelocity,665
1780471473364997252,1780471473.364997149,1780471473,364621104,20,laica_velocity_predictor,Admittance force raw=-8.540 zeroed=-8.991 filtered=-6.738 eff=-1.738 adm_vx=-0.020 cmd_vx=0.480,/home/artemis/Documents/LAICA_ws/src/laica_bringup/src/laica_velocity_predictor.cpp,computeAdmittanceVelocity,665
1780471473385584281,1780471473.385584354,1780471473,385236486,20,laica_velocity_predictor,Admittance force raw=-3.869 zeroed=-4.320 filtered=-6.453 eff=-1.453 adm_vx=-0.020 cmd_vx=0.480,/home/artemis/Documents/LAICA_ws/src/laica_bringup/src/laica_velocity_predictor.cpp,computeAdmittanceVelocity,665
1780471474365392242,1780471474.365392208,1780471474,364698316,20,laica_velocity_predictor,Admittance force raw=5.472 zeroed=5.021 filtered=0.455 eff=0.000 adm_vx=-0.000 cmd_vx=0.500,/home/artemis/Documents/LAICA_ws/src/laica_bringup/src/laica_velocity_predictor.cpp,computeAdmittanceVelocity,665
1780471474385601778,1780471474.385601759,1780471474,385317315,20,laica_velocity_predictor,Admittance force raw=5.387 zeroed=4.936 filtered=0.982 eff=0.000 adm_vx=-0.000 cmd_vx=0.500,/home/artemis/Documents/LAICA_ws/src/laica_bringup/src/laica_velocity_predictor.cpp,computeAdmittanceVelocity,665
1780471475385105915,1780471475.385105848,1780471475,384726887,20,laica_velocity_predictor,Admittance force raw=-31.808 zeroed=-32.259 filtered=-35.147 eff=-30.147 adm_vx=-0.336 cmd_vx=0.164,/home/artemis/Documents/LAICA_ws/src/laica_bringup/src/laica_velocity_predictor.cpp,computeAdmittanceVelocity,665
1780471475385826466,1780471475.385826349,1780471475,385346824,20,laica_velocity_predictor,Admittance force raw=-31.808 zeroed=-32.259 filtered=-35.149 eff=-30.149 adm_vx=-0.336 cmd_vx=0.164,/home/artemis/Documents/LAICA_ws/src/laica_bringup/src/laica_velocity_predictor.cpp,computeAdmittanceVelocity,665
1780471476385323638,1780471476.385323524,1780471476,384799322,20,laica_velocity_predictor,Admittance force raw=-6.077 zeroed=-6.528 filtered=-10.225 eff=-5.225 adm_vx=-0.162 cmd_vx=0.338,/home/artemis/Documents/LAICA_ws/src/laica_bringup/src/laica_velocity_predictor.cpp,computeAdmittanceVelocity,665
1780471476387242493,1780471476.387242556,1780471476,386363726,20,laica_velocity_predictor,Admittance force raw=-6.077 zeroed=-6.528 filtered=-10.218 eff=-5.218 adm_vx=-0.162 cmd_vx=0.338,/home/artemis/Documents/LAICA_ws/src/laica_bringup/src/laica_velocity_predictor.cpp,computeAdmittanceVelocity,665
1780471477385401524,1780471477.385401487,1780471477,384835349,20,laica_velocity_predictor,Admittance force raw=0.207 zeroed=-0.244 filtered=-6.001 eff=-1.001 adm_vx=-0.013 cmd_vx=0.487,/home/artemis/Documents/LAICA_ws/src/laica_bringup/src/laica_velocity_predictor.cpp,computeAdmittanceVelocity,665
1780471477406263448,1780471477.406263351,1780471477,405449900,20,laica_velocity_predictor,Admittance force raw=-2.057 zeroed=-2.509 filtered=-5.586 eff=-0.586 adm_vx=-0.013 cmd_vx=0.487,/home/artemis/Documents/LAICA_ws/src/laica_bringup/src/laica_velocity_predictor.cpp,computeAdmittanceVelocity,665
1780471478306916179,1780471478.306916237,1780471478,306654213,30,arduino_sensor_pub,Arduino parse errors: 1,/home/artemis/Documents/LAICA_ws/src/LAICA_enclc/src/arduino_sensor_pub.cpp,publishSensorData,339
1780471478385259794,1780471478.385259867,1780471478,384887197,20,laica_velocity_predictor,Admittance force raw=15.521 zeroed=15.070 filtered=9.589 eff=4.589 adm_vx=0.040 cmd_vx=0.540,/home/artemis/Documents/LAICA_ws/src/laica_bringup/src/laica_velocity_predictor.cpp,computeAdmittanceVelocity,665
1780471478406460488,1780471478.406460524,1780471478,405689983,20,laica_velocity_predictor,Admittance force raw=15.521 zeroed=15.070 filtered=10.235 eff=5.235 adm_vx=0.042 cmd_vx=0.542,/home/artemis/Documents/LAICA_ws/src/laica_bringup/src/laica_velocity_predictor.cpp,computeAdmittanceVelocity,665
1780471479385382472,1780471479.385382414,1780471479,384954673,20,laica_velocity_predictor,Admittance force raw=0.717 zeroed=0.265 filtered=-3.565 eff=0.000 adm_vx=-0.010 cmd_vx=0.490,/home/artemis/Documents/LAICA_ws/src/laica_bringup/src/laica_velocity_predictor.cpp,computeAdmittanceVelocity,665
1780471479426336648,1780471479.426336765,1780471479,425589600,20,laica_velocity_predictor,Admittance force raw=-5.794 zeroed=-6.245 filtered=-5.290 eff=-0.290 adm_vx=-0.009 cmd_vx=0.491,/home/artemis/Documents/LAICA_ws/src/laica_bringup/src/laica_velocity_predictor.cpp,computeAdmittanceVelocity,665
1780471480385960739,1780471480.385960817,1780471480,385006767,20,laica_velocity_predictor,Admittance force raw=-6.643 zeroed=-7.095 filtered=-5.069 eff=-0.069 adm_vx=-0.019 cmd_vx=0.481,/home/artemis/Documents/LAICA_ws/src/laica_bringup/src/laica_velocity_predictor.cpp,computeAdmittanceVelocity,665
1780471480426012083,1780471480.426012039,1780471480,425665120,20,laica_velocity_predictor,Admittance force raw=1.594 zeroed=1.143 filtered=-4.986 eff=0.000 adm_vx=-0.016 cmd_vx=0.484,/home/artemis/Documents/LAICA_ws/src/laica_bringup/src/laica_velocity_predictor.cpp,computeAdmittanceVelocity,665
1780471481385503409,1780471481.385503292,1780471481,385061305,20,laica_velocity_predictor,Admittance force raw=-47.773 zeroed=-48.225 filtered=-42.169 eff=-37.169 adm_vx=-0.407 cmd_vx=0.094,/home/artemis/Documents/LAICA_ws/src/laica_bringup/src/laica_velocity_predictor.cpp,computeAdmittanceVelocity,665
1780471481426252166,1780471481.426252127,1780471481,425756844,20,laica_velocity_predictor,Admittance force raw=-31.666 zeroed=-32.118 filtered=-39.383 eff=-34.383 adm_vx=-0.412 cmd_vx=0.088,/home/artemis/Documents/LAICA_ws/src/laica_bringup/src/laica_velocity_predictor.cpp,computeAdmittanceVelocity,665
1780471482385650026,1780471482.385649920,1780471482,385155791,20,laica_velocity_predictor,Admittance force raw=-4.492 zeroed=-4.943 filtered=-17.615 eff=-12.615 adm_vx=-0.233 cmd_vx=0.267,/home/artemis/Documents/LAICA_ws/src/laica_bringup/src/laica_velocity_predictor.cpp,computeAdmittanceVelocity,665
1780471482426341469,1780471482.426341534,1780471482,425760957,20,laica_velocity_predictor,Admittance force raw=-3.671 zeroed=-4.122 filtered=-14.692 eff=-9.692 adm_vx=-0.217 cmd_vx=0.283,/home/artemis/Documents/LAICA_ws/src/laica_bringup/src/laica_velocity_predictor.cpp,computeAdmittanceVelocity,665
1780471483386346283,1780471483.386346340,1780471483,385297587,20,laica_velocity_predictor,Admittance force raw=-1.576 zeroed=-2.028 filtered=-0.735 eff=0.000 adm_vx=-0.005 cmd_vx=0.495,/home/artemis/Documents/LAICA_ws/src/laica_bringup/src/laica_velocity_predictor.cpp,computeAdmittanceVelocity,665
1780471483426210130,1780471483.426210165,1780471483,425795516,20,laica_velocity_predictor,Admittance force raw=-6.502 zeroed=-6.953 filtered=-1.787 eff=0.000 adm_vx=-0.004 cmd_vx=0.496,/home/artemis/Documents/LAICA_ws/src/laica_bringup/src/laica_velocity_predictor.cpp,computeAdmittanceVelocity,665
1780471484387439982,1780471484.387439966,1780471484,386302160,20,laica_velocity_predictor,Admittance force raw=-9.927 zeroed=-10.378 filtered=-0.707 eff=0.000 adm_vx=-0.000 cmd_vx=0.500,/home/artemis/Documents/LAICA_ws/src/laica_bringup/src/laica_velocity_predictor.cpp,computeAdmittanceVelocity,665
1780471484426189753,1780471484.426189661,1780471484,425862055,20,laica_velocity_predictor,Admittance force raw=-0.783 zeroed=-1.235 filtered=-1.213 eff=0.000 adm_vx=-0.000 cmd_vx=0.500,/home/artemis/Documents/LAICA_ws/src/laica_bringup/src/laica_velocity_predictor.cpp,computeAdmittanceVelocity,665
1780471485405725562,1780471485.405725479,1780471485,405261409,20,laica_velocity_predictor,Admittance force raw=7.426 zeroed=6.974 filtered=3.354 eff=0.000 adm_vx=-0.000 cmd_vx=0.500,/home/artemis/Documents/LAICA_ws/src/laica_bringup/src/laica_velocity_predictor.cpp,computeAdmittanceVelocity,665
1780471485426327090,1780471485.426326990,1780471485,425895483,20,laica_velocity_predictor,Admittance force raw=13.144 zeroed=12.692 filtered=4.455 eff=0.000 adm_vx=-0.000 cmd_vx=0.500,/home/artemis/Documents/LAICA_ws/src/laica_bringup/src/laica_velocity_predictor.cpp,computeAdmittanceVelocity,665
1780471486405792635,1780471486.405792713,1780471486,405327874,20,laica_velocity_predictor,Admittance force raw=4.538 zeroed=4.087 filtered=1.629 eff=0.000 adm_vx=0.000 cmd_vx=0.500,/home/artemis/Documents/LAICA_ws/src/laica_bringup/src/laica_velocity_predictor.cpp,computeAdmittanceVelocity,665
1780471486426477752,1780471486.426477671,1780471486,425946651,20,laica_velocity_predictor,Admittance force raw=1.962 zeroed=1.511 filtered=1.619 eff=0.000 adm_vx=0.000 cmd_vx=0.500,/home/artemis/Documents/LAICA_ws/src/laica_bringup/src/laica_velocity_predictor.cpp,computeAdmittanceVelocity,665
1780471487406026063,1780471487.406026125,1780471487,405394093,20,laica_velocity_predictor,Admittance force raw=-11.965 zeroed=-12.416 filtered=-1.634 eff=0.000 adm_vx=0.006 cmd_vx=0.506,/home/artemis/Documents/LAICA_ws/src/laica_bringup/src/laica_velocity_predictor.cpp,computeAdmittanceVelocity,665
1780471487426351993,1780471487.426352024,1780471487,426017671,20,laica_velocity_predictor,Admittance force raw=-6.671 zeroed=-7.123 filtered=-2.276 eff=0.000 adm_vx=0.005 cmd_vx=0.505,/home/artemis/Documents/LAICA_ws/src/laica_bringup/src/laica_velocity_predictor.cpp,computeAdmittanceVelocity,665
1780471488307378290,1780471488.307378292,1780471488,307139909,30,arduino_sensor_pub,Arduino parse errors: 1,/home/artemis/Documents/LAICA_ws/src/LAICA_enclc/src/arduino_sensor_pub.cpp,publishSensorData,339
1780471488406118407,1780471488.406118393,1780471488,405428417,20,laica_velocity_predictor,Admittance force raw=-14.399 zeroed=-14.851 filtered=-9.931 eff=-4.931 adm_vx=-0.038 cmd_vx=0.462,/home/artemis/Documents/LAICA_ws/src/laica_bringup/src/laica_velocity_predictor.cpp,computeAdmittanceVelocity,665
1780471488426404686,1780471488.426404715,1780471488,426124703,20,laica_velocity_predictor,Admittance force raw=-8.200 zeroed=-8.651 filtered=-9.801 eff=-4.801 adm_vx=-0.040 cmd_vx=0.460,/home/artemis/Documents/LAICA_ws/src/laica_bringup/src/laica_velocity_predictor.cpp,computeAdmittanceVelocity,665
1780471489406078241,1780471489.406078339,1780471489,405483361,20,laica_velocity_predictor,Admittance force raw=3.095 zeroed=2.643 filtered=-3.390 eff=0.000 adm_vx=-0.019 cmd_vx=0.481,/home/artemis/Documents/LAICA_ws/src/laica_bringup/src/laica_velocity_predictor.cpp,computeAdmittanceVelocity,665
1780471489446591662,1780471489.446591616,1780471489,446137109,20,laica_velocity_predictor,Admittance force raw=-5.454 zeroed=-5.906 filtered=-3.596 eff=0.000 adm_vx=-0.016 cmd_vx=0.484,/home/artemis/Documents/LAICA_ws/src/laica_bringup/src/laica_velocity_predictor.cpp,computeAdmittanceVelocity,665
1780471490405882622,1780471490.405882597,1780471490,405529067,20,laica_velocity_predictor,Admittance force raw=0.377 zeroed=-0.074 filtered=-5.465 eff=-0.465 adm_vx=-0.023 cmd_vx=0.477,/home/artemis/Documents/LAICA_ws/src/laica_bringup/src/laica_velocity_predictor.cpp,computeAdmittanceVelocity,665
1780471490446683835,1780471490.446683884,1780471490,446171135,20,laica_velocity_predictor,Admittance force raw=-7.492 zeroed=-7.944 filtered=-5.672 eff=-0.672 adm_vx=-0.021 cmd_vx=0.479,/home/artemis/Documents/LAICA_ws/src/laica_bringup/src/laica_velocity_predictor.cpp,computeAdmittanceVelocity,665
1780471491406243172,1780471491.406243086,1780471491,405697095,20,laica_velocity_predictor,Admittance force raw=-4.690 zeroed=-5.141 filtered=-5.310 eff=-0.310 adm_vx=-0.022 cmd_vx=0.478,/home/artemis/Documents/LAICA_ws/src/laica_bringup/src/laica_velocity_predictor.cpp,computeAdmittanceVelocity,665
1780471491446683789,1780471491.446683884,1780471491,446231093,20,laica_velocity_predictor,Admittance force raw=-5.369 zeroed=-5.821 filtered=-5.418 eff=-0.418 adm_vx=-0.019 cmd_vx=0.481,/home/artemis/Documents/LAICA_ws/src/laica_bringup/src/laica_velocity_predictor.cpp,computeAdmittanceVelocity,665
1780471492426033550,1780471492.426033497,1780471492,425638585,20,laica_velocity_predictor,Admittance force raw=-2.822 zeroed=-3.273 filtered=-4.011 eff=0.000 adm_vx=-0.000 cmd_vx=0.500,/home/artemis/Documents/LAICA_ws/src/laica_bringup/src/laica_velocity_predictor.cpp,computeAdmittanceVelocity,665
1780471492446557188,1780471492.446557283,1780471492,446273524,20,laica_velocity_predictor,Admittance force raw=-1.435 zeroed=-1.886 filtered=-3.763 eff=0.000 adm_vx=-0.000 cmd_vx=0.500,/home/artemis/Documents/LAICA_ws/src/laica_bringup/src/laica_velocity_predictor.cpp,computeAdmittanceVelocity,665
1780471493426270883,1780471493.426270962,1780471493,425709636,20,laica_velocity_predictor,Admittance force raw=-12.220 zeroed=-12.671 filtered=-11.672 eff=-6.672 adm_vx=-0.052 cmd_vx=0.448,/home/artemis/Documents/LAICA_ws/src/laica_bringup/src/laica_velocity_predictor.cpp,computeAdmittanceVelocity,665
1780471493446636336,1780471493.446636438,1780471493,446336191,20,laica_velocity_predictor,Admittance force raw=-7.124 zeroed=-7.576 filtered=-11.193 eff=-6.193 adm_vx=-0.054 cmd_vx=0.446,/home/artemis/Documents/LAICA_ws/src/laica_bringup/src/laica_velocity_predictor.cpp,computeAdmittanceVelocity,665
1780471494426389467,1780471494.426389456,1780471494,425933346,20,laica_velocity_predictor,Admittance force raw=4.170 zeroed=3.719 filtered=2.194 eff=0.000 adm_vx=-0.004 cmd_vx=0.496,/home/artemis/Documents/LAICA_ws/src/laica_bringup/src/laica_velocity_predictor.cpp,computeAdmittanceVelocity,665
1780471494446906544,1780471494.446906567,1780471494,446543037,20,laica_velocity_predictor,Admittance force raw=1.226 zeroed=0.775 filtered=2.024 eff=0.000 adm_vx=-0.004 cmd_vx=0.496,/home/artemis/Documents/LAICA_ws/src/laica_bringup/src/laica_velocity_predictor.cpp,computeAdmittanceVelocity,665
1780471495446187014,1780471495.446187019,1780471495,445806001,20,laica_velocity_predictor,Admittance force raw=2.387 zeroed=1.935 filtered=0.912 eff=0.000 adm_vx=0.000 cmd_vx=0.500,/home/artemis/Documents/LAICA_ws/src/laica_bringup/src/laica_velocity_predictor.cpp,computeAdmittanceVelocity,665
1780471495447380390,1780471495.447380304,1780471495,446847626,20,laica_velocity_predictor,Admittance force raw=2.387 zeroed=1.935 filtered=0.915 eff=0.000 adm_vx=0.000 cmd_vx=0.500,/home/artemis/Documents/LAICA_ws/src/laica_bringup/src/laica_velocity_predictor.cpp,computeAdmittanceVelocity,665
1780471496446346485,1780471496.446346521,1780471496,445867675,20,laica_velocity_predictor,Admittance force raw=8.671 zeroed=8.220 filtered=3.989 eff=0.000 adm_vx=0.000 cmd_vx=0.500,/home/artemis/Documents/LAICA_ws/src/laica_bringup/src/laica_velocity_predictor.cpp,computeAdmittanceVelocity,665
1780471496466991026,1780471496.466990948,1780471496,466511448,20,laica_velocity_predictor,Admittance force raw=4.651 zeroed=4.200 filtered=4.014 eff=0.000 adm_vx=0.000 cmd_vx=0.500,/home/artemis/Documents/LAICA_ws/src/laica_bringup/src/laica_velocity_predictor.cpp,computeAdmittanceVelocity,665
1780471497446328902,1780471497.446328878,1780471497,445916879,20,laica_velocity_predictor,Admittance force raw=-3.954 zeroed=-4.405 filtered=-6.262 eff=-1.262 adm_vx=-0.007 cmd_vx=0.493,/home/artemis/Documents/LAICA_ws/src/laica_bringup/src/laica_velocity_predictor.cpp,computeAdmittanceVelocity,665
1780471497466819450,1780471497.466819525,1780471497,466545771,20,laica_velocity_predictor,Admittance force raw=-7.577 zeroed=-8.029 filtered=-6.469 eff=-1.469 adm_vx=-0.008 cmd_vx=0.492,/home/artemis/Documents/LAICA_ws/src/laica_bringup/src/laica_velocity_predictor.cpp,computeAdmittanceVelocity,665
1780471498309645533,1780471498.309645414,1780471498,307739830,30,arduino_sensor_pub,Arduino parse errors: 1,/home/artemis/Documents/LAICA_ws/src/LAICA_enclc/src/arduino_sensor_pub.cpp,publishSensorData,339
1780471498446637618,1780471498.446637630,1780471498,445982446,20,laica_velocity_predictor,Admittance force raw=-11.399 zeroed=-11.850 filtered=-8.768 eff=-3.768 adm_vx=-0.028 cmd_vx=0.472,/home/artemis/Documents/LAICA_ws/src/laica_bringup/src/laica_velocity_predictor.cpp,computeAdmittanceVelocity,665
1780471498466955549,1780471498.466955662,1780471498,466626059,20,laica_velocity_predictor,Admittance force raw=-14.512 zeroed=-14.964 filtered=-9.486 eff=-4.486 adm_vx=-0.030 cmd_vx=0.470,/home/artemis/Documents/LAICA_ws/src/laica_bringup/src/laica_velocity_predictor.cpp,computeAdmittanceVelocity,665
1780471499446633431,1780471499.446633339,1780471499,446007157,20,laica_velocity_predictor,Admittance force raw=-15.871 zeroed=-16.323 filtered=-13.891 eff=-8.891 adm_vx=-0.108 cmd_vx=0.392,/home/artemis/Documents/LAICA_ws/src/laica_bringup/src/laica_velocity_predictor.cpp,computeAdmittanceVelocity,665
1780471499467118828,1780471499.467118740,1780471499,466648594,20,laica_velocity_predictor,Admittance force raw=-11.625 zeroed=-12.077 filtered=-13.680 eff=-8.680 adm_vx=-0.108 cmd_vx=0.392,/home/artemis/Documents/LAICA_ws/src/laica_bringup/src/laica_velocity_predictor.cpp,computeAdmittanceVelocity,665
1780471500447588795,1780471500.447588682,1780471500,446048263,20,laica_velocity_predictor,Admittance force raw=0.972 zeroed=0.520 filtered=-3.645 eff=0.000 adm_vx=-0.039 cmd_vx=0.461,/home/artemis/Documents/LAICA_ws/src/laica_bringup/src/laica_velocity_predictor.cpp,computeAdmittanceVelocity,665
1780471500467376586,1780471500.467376471,1780471500,466706406,20,laica_velocity_predictor,Admittance force raw=6.378 zeroed=5.927 filtered=-2.519 eff=0.000 adm_vx=-0.036 cmd_vx=0.464,/home/artemis/Documents/LAICA_ws/src/laica_bringup/src/laica_velocity_predictor.cpp,computeAdmittanceVelocity,665
1780471501446755880,1780471501.446755886,1780471501,446147623,20,laica_velocity_predictor,Admittance force raw=10.030 zeroed=9.578 filtered=3.823 eff=0.000 adm_vx=-0.001 cmd_vx=0.499,/home/artemis/Documents/LAICA_ws/src/laica_bringup/src/laica_velocity_predictor.cpp,computeAdmittanceVelocity,665
1780471501468189648,1780471501.468189716,1780471501,466768355,20,laica_velocity_predictor,Admittance force raw=9.152 zeroed=8.701 filtered=4.396 eff=0.000 adm_vx=-0.001 cmd_vx=0.499,/home/artemis/Documents/LAICA_ws/src/laica_bringup/src/laica_velocity_predictor.cpp,computeAdmittanceVelocity,665
1780471502446952727,1780471502.446952820,1780471502,446193774,20,laica_velocity_predictor,Admittance force raw=-16.918 zeroed=-17.370 filtered=-6.792 eff=-1.792 adm_vx=-0.003 cmd_vx=0.497,/home/artemis/Documents/LAICA_ws/src/laica_bringup/src/laica_velocity_predictor.cpp,computeAdmittanceVelocity,665
1780471502467423371,1780471502.467423439,1780471502,466822731,20,laica_velocity_predictor,Admittance force raw=-14.484 zeroed=-14.936 filtered=-7.752 eff=-2.752 adm_vx=-0.006 cmd_vx=0.494,/home/artemis/Documents/LAICA_ws/src/laica_bringup/src/laica_velocity_predictor.cpp,computeAdmittanceVelocity,665
1780471503446553519,1780471503.446553469,1780471503,446212797,20,laica_velocity_predictor,Admittance force raw=-33.478 zeroed=-33.930 filtered=-12.765 eff=-7.765 adm_vx=-0.059 cmd_vx=0.441,/home/artemis/Documents/LAICA_ws/src/laica_bringup/src/laica_velocity_predictor.cpp,computeAdmittanceVelocity,665
1780471503467336309,1780471503.467336416,1780471503,466884188,20,laica_velocity_predictor,Admittance force raw=-18.136 zeroed=-18.587 filtered=-13.457 eff=-8.457 adm_vx=-0.063 cmd_vx=0.437,/home/artemis/Documents/LAICA_ws/src/laica_bringup/src/laica_velocity_predictor.cpp,computeAdmittanceVelocity,665
1780471504446890234,1780471504.446890116,1780471504,446302266,20,laica_velocity_predictor,Admittance force raw=-7.832 zeroed=-8.283 filtered=-13.313 eff=-8.313 adm_vx=-0.127 cmd_vx=0.373,/home/artemis/Documents/LAICA_ws/src/laica_bringup/src/laica_velocity_predictor.cpp,computeAdmittanceVelocity,665
1780471504467453044,1780471504.467453003,1780471504,466980730,20,laica_velocity_predictor,Admittance force raw=-9.785 zeroed=-10.237 filtered=-12.950 eff=-7.950 adm_vx=-0.125 cmd_vx=0.375,/home/artemis/Documents/LAICA_ws/src/laica_bringup/src/laica_velocity_predictor.cpp,computeAdmittanceVelocity,665
1780471505447438138,1780471505.447438240,1780471505,446348351,20,laica_velocity_predictor,Admittance force raw=-30.223 zeroed=-30.674 filtered=-32.201 eff=-27.201 adm_vx=-0.294 cmd_vx=0.206,/home/artemis/Documents/LAICA_ws/src/laica_bringup/src/laica_velocity_predictor.cpp,computeAdmittanceVelocity,665
1780471505467468343,1780471505.467468262,1780471505,466987261,20,laica_velocity_predictor,Admittance force raw=-35.035 zeroed=-35.486 filtered=-32.588 eff=-27.588 adm_vx=-0.298 cmd_vx=0.202,/home/artemis/Documents/LAICA_ws/src/laica_bringup/src/laica_velocity_predictor.cpp,computeAdmittanceVelocity,665
1780471506446908233,1780471506.446908236,1780471506,446417199,20,laica_velocity_predictor,Admittance force raw=-56.180 zeroed=-56.632 filtered=-48.720 eff=-43.720 adm_vx=-0.458 cmd_vx=0.042,/home/artemis/Documents/LAICA_ws/src/laica_bringup/src/laica_velocity_predictor.cpp,computeAdmittanceVelocity,665
1780471506469018744,1780471506.469018698,1780471506,467112016,20,laica_velocity_predictor,Admittance force raw=-64.786 zeroed=-65.237 filtered=-50.669 eff=-45.669 adm_vx=-0.467 cmd_vx=0.033,/home/artemis/Documents/LAICA_ws/src/laica_bringup/src/laica_velocity_predictor.cpp,computeAdmittanceVelocity,665
1780471506816610541,1780471506.816610575,1780471506,816282395,20,unitree_ros_node,Robot battery level is at: 28%,/home/artemis/Documents/LAICA_ws/src/unitree_ros/src/unitree_ros.cpp,check_robot_battery_callback_,156
1780471507446970019,1780471507.446969986,1780471507,446463431,20,laica_velocity_predictor,Admittance force raw=-32.091 zeroed=-32.543 filtered=-33.788 eff=-28.788 adm_vx=-0.411 cmd_vx=0.089,/home/artemis/Documents/LAICA_ws/src/laica_bringup/src/laica_velocity_predictor.cpp,computeAdmittanceVelocity,665
1780471507469003533,1780471507.469003439,1780471507,467116391,20,laica_velocity_predictor,Admittance force raw=-22.070 zeroed=-22.522 filtered=-32.463 eff=-27.463 adm_vx=-0.406 cmd_vx=0.094,/home/artemis/Documents/LAICA_ws/src/laica_bringup/src/laica_velocity_predictor.cpp,computeAdmittanceVelocity,665
1780471508308602870,1780471508.308602810,1780471508,308222401,30,arduino_sensor_pub,Arduino parse errors: 1,/home/artemis/Documents/LAICA_ws/src/LAICA_enclc/src/arduino_sensor_pub.cpp,publishSensorData,339
1780471508447016389,1780471508.447016478,1780471508,446537772,20,laica_velocity_predictor,Admittance force raw=-4.973 zeroed=-5.424 filtered=-9.699 eff=-4.699 adm_vx=-0.080 cmd_vx=0.420,/home/artemis/Documents/LAICA_ws/src/laica_bringup/src/laica_velocity_predictor.cpp,computeAdmittanceVelocity,665
1780471508467797004,1780471508.467797041,1780471508,467216109,20,laica_velocity_predictor,Admittance force raw=-5.114 zeroed=-5.566 filtered=-9.210 eff=-4.210 adm_vx=-0.078 cmd_vx=0.422,/home/artemis/Documents/LAICA_ws/src/laica_bringup/src/laica_velocity_predictor.cpp,computeAdmittanceVelocity,665
1780471509446996366,1780471509.446996450,1780471509,446586360,20,laica_velocity_predictor,Admittance force raw=-6.445 zeroed=-6.896 filtered=-7.471 eff=-2.471 adm_vx=-0.023 cmd_vx=0.477,/home/artemis/Documents/LAICA_ws/src/laica_bringup/src/laica_velocity_predictor.cpp,computeAdmittanceVelocity,665
1780471509467655407,1780471509.467655420,1780471509,467241720,20,laica_velocity_predictor,Admittance force raw=-7.804 zeroed=-8.255 filtered=-7.559 eff=-2.559 adm_vx=-0.024 cmd_vx=0.476,/home/artemis/Documents/LAICA_ws/src/laica_bringup/src/laica_velocity_predictor.cpp,computeAdmittanceVelocity,665
1780471510447084583,1780471510.447084665,1780471510,446620718,20,laica_velocity_predictor,Admittance force raw=-44.546 zeroed=-44.998 filtered=-36.762 eff=-31.762 adm_vx=-0.262 cmd_vx=0.259,/home/artemis/Documents/LAICA_ws/src/laica_bringup/src/laica_velocity_predictor.cpp,computeAdmittanceVelocity,665
1780471510488179132,1780471510.488179207,1780471510,487271530,20,laica_velocity_predictor,Admittance force raw=-50.208 zeroed=-50.659 filtered=-39.743 eff=-34.743 adm_vx=-0.287 cmd_vx=0.239,/home/artemis/Documents/LAICA_ws/src/laica_bringup/src/laica_velocity_predictor.cpp,computeAdmittanceVelocity,665
1780471511447229644,1780471511.447229624,1780471511,446686575,20,laica_velocity_predictor,Admittance force raw=-17.824 zeroed=-18.276 filtered=-14.896 eff=-9.896 adm_vx=-0.220 cmd_vx=0.280,/home/artemis/Documents/LAICA_ws/src/laica_bringup/src/laica_velocity_predictor.cpp,computeAdmittanceVelocity,665
1780471511487983439,1780471511.487983465,1780471511,487336652,20,laica_velocity_predictor,Admittance force raw=-7.634 zeroed=-8.085 filtered=-13.787 eff=-8.787 adm_vx=-0.204 cmd_vx=0.296,/home/artemis/Documents/LAICA_ws/src/laica_bringup/src/laica_velocity_predictor.cpp,computeAdmittanceVelocity,665
1780471512447239668,1780471512.447239637,1780471512,446721400,20,laica_velocity_predictor,Admittance force raw=2.953 zeroed=2.502 filtered=-3.159 eff=0.000 adm_vx=-0.007 cmd_vx=0.493,/home/artemis/Documents/LAICA_ws/src/laica_bringup/src/laica_velocity_predictor.cpp,computeAdmittanceVelocity,665
1780471512487710344,1780471512.487710238,1780471512,487379222,20,laica_velocity_predictor,Admittance force raw=0.547 zeroed=0.095 filtered=-2.133 eff=0.000 adm_vx=-0.006 cmd_vx=0.494,/home/artemis/Documents/LAICA_ws/src/laica_bringup/src/laica_velocity_predictor.cpp,computeAdmittanceVelocity,665
1780471513447174626,1780471513.447174549,1780471513,446785356,20,laica_velocity_predictor,Admittance force raw=8.841 zeroed=8.389 filtered=2.709 eff=0.000 adm_vx=0.000 cmd_vx=0.500,/home/artemis/Documents/LAICA_ws/src/laica_bringup/src/laica_velocity_predictor.cpp,computeAdmittanceVelocity,665
1780471513487754555,1780471513.487754583,1780471513,487418249,20,laica_velocity_predictor,Admittance force raw=-6.983 zeroed=-7.434 filtered=1.551 eff=0.000 adm_vx=0.000 cmd_vx=0.500,/home/artemis/Documents/LAICA_ws/src/laica_bringup/src/laica_velocity_predictor.cpp,computeAdmittanceVelocity,665
1780471514447663447,1780471514.447663546,1780471514,446890221,20,laica_velocity_predictor,Admittance force raw=-3.982 zeroed=-4.434 filtered=0.280 eff=0.000 adm_vx=0.000 cmd_vx=0.500,/home/artemis/Documents/LAICA_ws/src/laica_bringup/src/laica_velocity_predictor.cpp,computeAdmittanceVelocity,665
1780471514487860220,1780471514.487860203,1780471514,487470439,20,laica_velocity_predictor,Admittance force raw=-3.416 zeroed=-3.868 filtered=-1.166 eff=0.000 adm_vx=0.000 cmd_vx=0.500,/home/artemis/Documents/LAICA_ws/src/laica_bringup/src/laica_velocity_predictor.cpp,computeAdmittanceVelocity,665
1780471515447343818,1780471515.447343826,1780471515,446932531,20,laica_velocity_predictor,Admittance force raw=-7.690 zeroed=-8.142 filtered=-5.418 eff=-0.418 adm_vx=-0.000 cmd_vx=0.500,/home/artemis/Documents/LAICA_ws/src/laica_bringup/src/laica_velocity_predictor.cpp,computeAdmittanceVelocity,665
1780471515487908035,1780471515.487908125,1780471515,487614708,20,laica_velocity_predictor,Admittance force raw=-5.624 zeroed=-6.076 filtered=-5.011 eff=-0.011 adm_vx=-0.000 cmd_vx=0.500,/home/artemis/Documents/LAICA_ws/src/laica_bringup/src/laica_velocity_predictor.cpp,computeAdmittanceVelocity,665
1780471516447365913,1780471516.447365999,1780471516,446955714,20,laica_velocity_predictor,Admittance force raw=-0.132 zeroed=-0.584 filtered=-3.295 eff=0.000 adm_vx=-0.000 cmd_vx=0.500,/home/artemis/Documents/LAICA_ws/src/laica_bringup/src/laica_velocity_predictor.cpp,computeAdmittanceVelocity,665
1780471516488318696,1780471516.488318682,1780471516,487653540,20,laica_velocity_predictor,Admittance force raw=2.472 zeroed=2.020 filtered=-2.160 eff=0.000 adm_vx=-0.000 cmd_vx=0.500,/home/artemis/Documents/LAICA_ws/src/laica_bringup/src/laica_velocity_predictor.cpp,computeAdmittanceVelocity,665
1780471517447548698,1780471517.447548628,1780471517,446992508,20,laica_velocity_predictor,Admittance force raw=9.662 zeroed=9.210 filtered=5.868 eff=0.868 adm_vx=0.006 cmd_vx=0.506,/home/artemis/Documents/LAICA_ws/src/laica_bringup/src/laica_velocity_predictor.cpp,computeAdmittanceVelocity,665
1780471517508105362,1780471517.508105278,1780471517,507635929,20,laica_velocity_predictor,Admittance force raw=3.944 zeroed=3.492 filtered=4.204 eff=0.000 adm_vx=0.005 cmd_vx=0.505,/home/artemis/Documents/LAICA_ws/src/laica_bringup/src/laica_velocity_predictor.cpp,computeAdmittanceVelocity,665
1780471518309246660,1780471518.309246778,1780471518,308779210,30,arduino_sensor_pub,Arduino parse errors: 1,/home/artemis/Documents/LAICA_ws/src/LAICA_enclc/src/arduino_sensor_pub.cpp,publishSensorData,339
1780471518447463542,1780471518.447463512,1780471518,447059072,20,laica_velocity_predictor,Admittance force raw=-14.031 zeroed=-14.483 filtered=-2.456 eff=0.000 adm_vx=0.005 cmd_vx=0.505,/home/artemis/Documents/LAICA_ws/src/laica_bringup/src/laica_velocity_predictor.cpp,computeAdmittanceVelocity,665
1780471518508575213,1780471518.508575201,1780471518,507700350,20,laica_velocity_predictor,Admittance force raw=-6.134 zeroed=-6.585 filtered=-4.722 eff=0.000 adm_vx=0.004 cmd_vx=0.504,/home/artemis/Documents/LAICA_ws/src/laica_bringup/src/laica_velocity_predictor.cpp,computeAdmittanceVelocity,665
1780471519447469057,1780471519.447468996,1780471519,447090828,20,laica_velocity_predictor,Admittance force raw=-11.172 zeroed=-11.624 filtered=-10.599 eff=-5.599 adm_vx=-0.073 cmd_vx=0.427,/home/artemis/Documents/LAICA_ws/src/laica_bringup/src/laica_velocity_predictor.cpp,computeAdmittanceVelocity,665
1780471519508431664,1780471519.508431673,1780471519,507888947,20,laica_velocity_predictor,Admittance force raw=-7.039 zeroed=-7.491 filtered=-9.620 eff=-4.620 adm_vx=-0.070 cmd_vx=0.430,/home/artemis/Documents/LAICA_ws/src/laica_bringup/src/laica_velocity_predictor.cpp,computeAdmittanceVelocity,665
1780471520447624669,1780471520.447624683,1780471520,447155108,20,laica_velocity_predictor,Admittance force raw=16.003 zeroed=15.551 filtered=-0.403 eff=0.000 adm_vx=-0.033 cmd_vx=0.467,/home/artemis/Documents/LAICA_ws/src/laica_bringup/src/laica_velocity_predictor.cpp,computeAdmittanceVelocity,665
1780471520528124371,1780471520.528124332,1780471520,527820546,20,laica_velocity_predictor,Admittance force raw=7.850 zeroed=7.399 filtered=3.155 eff=0.000 adm_vx=-0.024 cmd_vx=0.476,/home/artemis/Documents/LAICA_ws/src/laica_bringup/src/laica_velocity_predictor.cpp,computeAdmittanceVelocity,665
1780471521447735104,1780471521.447735071,1780471521,447222852,20,laica_velocity_predictor,Admittance force raw=-0.670 zeroed=-1.122 filtered=0.582 eff=0.000 adm_vx=0.015 cmd_vx=0.515,/home/artemis/Documents/LAICA_ws/src/laica_bringup/src/laica_velocity_predictor.cpp,computeAdmittanceVelocity,665
1780471521529859407,1780471521.529859304,1780471521,527843073,20,laica_velocity_predictor,Admittance force raw=-11.540 zeroed=-11.992 filtered=-5.592 eff=-0.592 adm_vx=0.010 cmd_vx=0.510,/home/artemis/Documents/LAICA_ws/src/laica_bringup/src/laica_velocity_predictor.cpp,computeAdmittanceVelocity,665
1780471522447863822,1780471522.447863817,1780471522,447281678,20,laica_velocity_predictor,Admittance force raw=-18.306 zeroed=-18.757 filtered=-14.086 eff=-9.086 adm_vx=-0.109 cmd_vx=0.391,/home/artemis/Documents/LAICA_ws/src/laica_bringup/src/laica_velocity_predictor.cpp,computeAdmittanceVelocity,665
1780471522530892014,1780471522.530891895,1780471522,527923149,20,laica_velocity_predictor,Admittance force raw=-15.305 zeroed=-15.757 filtered=-15.154 eff=-10.154 adm_vx=-0.113 cmd_vx=0.387,/home/artemis/Documents/LAICA_ws/src/laica_bringup/src/laica_velocity_predictor.cpp,computeAdmittanceVelocity,665
1780471523448115019,1780471523.448115110,1780471523,447340801,20,laica_velocity_predictor,Admittance force raw=-14.116 zeroed=-14.568 filtered=-13.194 eff=-8.194 adm_vx=-0.107 cmd_vx=0.393,/home/artemis/Documents/LAICA_ws/src/laica_bringup/src/laica_velocity_predictor.cpp,computeAdmittanceVelocity,665
1780471523528604483,1780471523.528604507,1780471523,528082246,20,laica_velocity_predictor,Admittance force raw=-8.341 zeroed=-8.793 filtered=-11.790 eff=-6.790 adm_vx=-0.103 cmd_vx=0.397,/home/artemis/Documents/LAICA_ws/src/laica_bringup/src/laica_velocity_predictor.cpp,computeAdmittanceVelocity,665
1780471524447728528,1780471524.447728634,1780471524,447363260,20,laica_velocity_predictor,Admittance force raw=-12.814 zeroed=-13.265 filtered=-13.414 eff=-8.414 adm_vx=-0.087 cmd_vx=0.413,/home/artemis/Documents/LAICA_ws/src/laica_bringup/src/laica_velocity_predictor.cpp,computeAdmittanceVelocity,665
1780471524548647550,1780471524.548647642,1780471524,548237160,20,laica_velocity_predictor,Admittance force raw=-14.003 zeroed=-14.454 filtered=-12.826 eff=-7.826 adm_vx=-0.091 cmd_vx=0.409,/home/artemis/Documents/LAICA_ws/src/laica_bringup/src/laica_velocity_predictor.cpp,computeAdmittanceVelocity,665
1780471525447976640,1780471525.447976589,1780471525,447448995,20,laica_velocity_predictor,Admittance force raw=-12.927 zeroed=-13.379 filtered=-12.380 eff=-7.380 adm_vx=-0.084 cmd_vx=0.416,/home/artemis/Documents/LAICA_ws/src/laica_bringup/src/laica_velocity_predictor.cpp,computeAdmittanceVelocity,665
1780471525568499961,1780471525.568500042,1780471525,568065986,20,laica_velocity_predictor,Admittance force raw=-8.398 zeroed=-8.850 filtered=-12.752 eff=-7.752 adm_vx=-0.090 cmd_vx=0.410,/home/artemis/Documents/LAICA_ws/src/laica_bringup/src/laica_velocity_predictor.cpp,computeAdmittanceVelocity,665
1780471526447997484,1780471526.447997570,1780471526,447492721,20,laica_velocity_predictor,Admittance force raw=-14.229 zeroed=-14.681 filtered=-12.136 eff=-7.136 adm_vx=-0.082 cmd_vx=0.418,/home/artemis/Documents/LAICA_ws/src/laica_bringup/src/laica_velocity_predictor.cpp,computeAdmittanceVelocity,665
1780471526568457604,1780471526.568457603,1780471526,568138322,20,laica_velocity_predictor,Admittance force raw=-11.200 zeroed=-11.652 filtered=-12.258 eff=-7.258 adm_vx=-0.087 cmd_vx=0.413,/home/artemis/Documents/LAICA_ws/src/laica_bringup/src/laica_velocity_predictor.cpp,computeAdmittanceVelocity,665
1780471527447957247,1780471527.447957277,1780471527,447557545,20,laica_velocity_predictor,Admittance force raw=-35.884 zeroed=-36.336 filtered=-32.278 eff=-27.278 adm_vx=-0.273 cmd_vx=0.227,/home/artemis/Documents/LAICA_ws/src/laica_bringup/src/laica_velocity_predictor.cpp,computeAdmittanceVelocity,665
1780471527568463130,1780471527.568463087,1780471527,568169066,20,laica_velocity_predictor,Admittance force raw=-33.761 zeroed=-34.213 filtered=-32.746 eff=-27.746 adm_vx=-0.303 cmd_vx=0.197,/home/artemis/Documents/LAICA_ws/src/laica_bringup/src/laica_velocity_predictor.cpp,computeAdmittanceVelocity,665
1780471528309717788,1780471528.309717894,1780471528,309365129,30,arduino_sensor_pub,Arduino parse errors: 1,/home/artemis/Documents/LAICA_ws/src/LAICA_enclc/src/arduino_sensor_pub.cpp,publishSensorData,339
1780471528448006272,1780471528.448006153,1780471528,447585289,20,laica_velocity_predictor,Admittance force raw=-58.954 zeroed=-59.406 filtered=-62.462 eff=-57.462 adm_vx=-0.682 cmd_vx=-0.091,/home/artemis/Documents/LAICA_ws/src/laica_bringup/src/laica_velocity_predictor.cpp,computeAdmittanceVelocity,665
1780471528568639683,1780471528.568639755,1780471528,568276367,20,laica_velocity_predictor,Admittance force raw=-41.998 zeroed=-42.450 filtered=-54.821 eff=-49.821 adm_vx=-0.669 cmd_vx=-0.151,/home/artemis/Documents/LAICA_ws/src/laica_bringup/src/laica_velocity_predictor.cpp,computeAdmittanceVelocity,665
1780471529448093964,1780471529.448093891,1780471529,447692406,20,laica_velocity_predictor,Admittance force raw=-16.154 zeroed=-16.606 filtered=-22.977 eff=-17.977 adm_vx=-0.312 cmd_vx=0.188,/home/artemis/Documents/LAICA_ws/src/laica_bringup/src/laica_velocity_predictor.cpp,computeAdmittanceVelocity,665
1780471529568862935,1780471529.568862915,1780471529,568296984,20,laica_velocity_predictor,Admittance force raw=-23.825 zeroed=-24.277 filtered=-22.689 eff=-17.689 adm_vx=-0.277 cmd_vx=0.223,/home/artemis/Documents/LAICA_ws/src/laica_bringup/src/laica_velocity_predictor.cpp,computeAdmittanceVelocity,665
1780471530448044601,1780471530.448044538,1780471530,447708039,20,laica_velocity_predictor,Admittance force raw=-21.306 zeroed=-21.758 filtered=-14.236 eff=-9.236 adm_vx=-0.135 cmd_vx=0.365,/home/artemis/Documents/LAICA_ws/src/laica_bringup/src/laica_velocity_predictor.cpp,computeAdmittanceVelocity,665
1780471530569371044,1780471530.569370985,1780471530,568354796,20,laica_velocity_predictor,Admittance force raw=-9.842 zeroed=-10.293 filtered=-14.355 eff=-9.355 adm_vx=-0.133 cmd_vx=0.367,/home/artemis/Documents/LAICA_ws/src/laica_bringup/src/laica_velocity_predictor.cpp,computeAdmittanceVelocity,665
1780471531448224540,1780471531.448224545,1780471531,447756419,20,laica_velocity_predictor,Admittance force raw=-57.567 zeroed=-58.019 filtered=-59.828 eff=-54.828 adm_vx=-0.664 cmd_vx=0.043,/home/artemis/Documents/LAICA_ws/src/laica_bringup/src/laica_velocity_predictor.cpp,computeAdmittanceVelocity,665
1780471531568814784,1780471531.568814754,1780471531,568421162,20,laica_velocity_predictor,Admittance force raw=-44.801 zeroed=-45.252 filtered=-52.570 eff=-47.570 adm_vx=-0.649 cmd_vx=-0.017,/home/artemis/Documents/LAICA_ws/src/laica_bringup/src/laica_velocity_predictor.cpp,computeAdmittanceVelocity,665
1780471532448202077,1780471532.448202133,1780471532,447814760,20,laica_velocity_predictor,Admittance force raw=-22.269 zeroed=-22.720 filtered=-13.206 eff=-8.206 adm_vx=-0.142 cmd_vx=0.277,/home/artemis/Documents/LAICA_ws/src/laica_bringup/src/laica_velocity_predictor.cpp,computeAdmittanceVelocity,665
1780471532570264274,1780471532.570264339,1780471532,569030959,20,laica_velocity_predictor,Admittance force raw=-17.768 zeroed=-18.219 filtered=-14.318 eff=-9.318 adm_vx=-0.131 cmd_vx=0.337,/home/artemis/Documents/LAICA_ws/src/laica_bringup/src/laica_velocity_predictor.cpp,computeAdmittanceVelocity,665
1780471533448332687,1780471533.448332787,1780471533,447867190,20,laica_velocity_predictor,Admittance force raw=-6.134 zeroed=-6.585 filtered=-6.898 eff=-1.898 adm_vx=-0.042 cmd_vx=0.458,/home/artemis/Documents/LAICA_ws/src/laica_bringup/src/laica_velocity_predictor.cpp,computeAdmittanceVelocity,665
1780471533589102464,1780471533.589102507,1780471533,588518016,20,laica_velocity_predictor,Admittance force raw=-5.879 zeroed=-6.330 filtered=-6.000 eff=-1.000 adm_vx=-0.030 cmd_vx=0.470,/home/artemis/Documents/LAICA_ws/src/laica_bringup/src/laica_velocity_predictor.cpp,computeAdmittanceVelocity,665
1780471534448403879,1780471534.448403835,1780471534,447934926,20,laica_velocity_predictor,Admittance force raw=1.424 zeroed=0.973 filtered=-3.606 eff=0.000 adm_vx=-0.002 cmd_vx=0.498,/home/artemis/Documents/LAICA_ws/src/laica_bringup/src/laica_velocity_predictor.cpp,computeAdmittanceVelocity,665
1780471534589202619,1780471534.589202642,1780471534,588566808,20,laica_velocity_predictor,Admittance force raw=-6.785 zeroed=-7.236 filtered=-6.453 eff=-1.453 adm_vx=-0.005 cmd_vx=0.495,/home/artemis/Documents/LAICA_ws/src/laica_bringup/src/laica_velocity_predictor.cpp,computeAdmittanceVelocity,665
1780471535448581326,1780471535.448581219,1780471535,447992750,20,laica_velocity_predictor,Admittance force raw=-10.832 zeroed=-11.284 filtered=-8.032 eff=-3.032 adm_vx=-0.038 cmd_vx=0.462,/home/artemis/Documents/LAICA_ws/src/laica_bringup/src/laica_velocity_predictor.cpp,computeAdmittanceVelocity,665
1780471535588851110,1780471535.588851213,1780471535,588611193,20,laica_velocity_predictor,Admittance force raw=-0.048 zeroed=-0.499 filtered=-7.890 eff=-2.890 adm_vx=-0.047 cmd_vx=0.453,/home/artemis/Documents/LAICA_ws/src/laica_bringup/src/laica_velocity_predictor.cpp,computeAdmittanceVelocity,665
1780471536448526385,1780471536.448526382,1780471536,448072216,20,laica_velocity_predictor,Admittance force raw=-19.523 zeroed=-19.974 filtered=-13.718 eff=-8.718 adm_vx=-0.110 cmd_vx=0.390,/home/artemis/Documents/LAICA_ws/src/laica_bringup/src/laica_velocity_predictor.cpp,computeAdmittanceVelocity,665
1780471536589177631,1780471536.589177608,1780471536,588673443,20,laica_velocity_predictor,Admittance force raw=-14.852 zeroed=-15.304 filtered=-10.747 eff=-5.747 adm_vx=-0.098 cmd_vx=0.402,/home/artemis/Documents/LAICA_ws/src/laica_bringup/src/laica_velocity_predictor.cpp,computeAdmittanceVelocity,665
1780471537448599940,1780471537.448600054,1780471537,448111273,20,laica_velocity_predictor,Admittance force raw=-9.898 zeroed=-10.350 filtered=-10.331 eff=-5.331 adm_vx=-0.057 cmd_vx=0.443,/home/artemis/Documents/LAICA_ws/src/laica_bringup/src/laica_velocity_predictor.cpp,computeAdmittanceVelocity,665
1780471537589435613,1780471537.589435577,1780471537,588751896,20,laica_velocity_predictor,Admittance force raw=-20.145 zeroed=-20.597 filtered=-11.446 eff=-6.446 adm_vx=-0.058 cmd_vx=0.442,/home/artemis/Documents/LAICA_ws/src/laica_bringup/src/laica_velocity_predictor.cpp,computeAdmittanceVelocity,665
1780471538310549817,1780471538.310549736,1780471538,309925494,30,arduino_sensor_pub,Arduino parse errors: 1,/home/artemis/Documents/LAICA_ws/src/LAICA_enclc/src/arduino_sensor_pub.cpp,publishSensorData,339
1780471538448647614,1780471538.448647499,1780471538,448157155,20,laica_velocity_predictor,Admittance force raw=-6.643 zeroed=-7.095 filtered=-10.982 eff=-5.982 adm_vx=-0.090 cmd_vx=0.410,/home/artemis/Documents/LAICA_ws/src/laica_bringup/src/laica_velocity_predictor.cpp,computeAdmittanceVelocity,665
1780471538589482456,1780471538.589482546,1780471538,588792339,20,laica_velocity_predictor,Admittance force raw=-6.813 zeroed=-7.264 filtered=-10.864 eff=-5.864 adm_vx=-0.085 cmd_vx=0.415,/home/artemis/Documents/LAICA_ws/src/laica_bringup/src/laica_velocity_predictor.cpp,computeAdmittanceVelocity,665
1780471539468810121,1780471539.468810081,1780471539,468257099,20,laica_velocity_predictor,Admittance force raw=-14.343 zeroed=-14.794 filtered=-11.451 eff=-6.451 adm_vx=-0.070 cmd_vx=0.430,/home/artemis/Documents/LAICA_ws/src/laica_bringup/src/laica_velocity_predictor.cpp,computeAdmittanceVelocity,665
1780471539589256429,1780471539.589256525,1780471539,588838647,20,laica_velocity_predictor,Admittance force raw=-8.794 zeroed=-9.246 filtered=-11.895 eff=-6.895 adm_vx=-0.078 cmd_vx=0.422,/home/artemis/Documents/LAICA_ws/src/laica_bringup/src/laica_velocity_predictor.cpp,computeAdmittanceVelocity,665
1780471540468908183,1780471540.468908072,1780471540,468263156,20,laica_velocity_predictor,Admittance force raw=-13.380 zeroed=-13.832 filtered=-10.408 eff=-5.408 adm_vx=-0.056 cmd_vx=0.444,/home/artemis/Documents/LAICA_ws/src/laica_bringup/src/laica_velocity_predictor.cpp,computeAdmittanceVelocity,665
1780471540589467395,1780471540.589467287,1780471540,588978440,20,laica_velocity_predictor,Admittance force raw=-12.871 zeroed=-13.322 filtered=-10.569 eff=-5.569 adm_vx=-0.060 cmd_vx=0.440,/home/artemis/Documents/LAICA_ws/src/laica_bringup/src/laica_velocity_predictor.cpp,computeAdmittanceVelocity,665
1780471541468818084,1780471541.468818188,1780471541,468302120,20,laica_velocity_predictor,Admittance force raw=-8.341 zeroed=-8.793 filtered=-10.588 eff=-5.588 adm_vx=-0.071 cmd_vx=0.429,/home/artemis/Documents/LAICA_ws/src/laica_bringup/src/laica_velocity_predictor.cpp,computeAdmittanceVelocity,665
1780471541609645186,1780471541.609645128,1780471541,608961757,20,laica_velocity_predictor,Admittance force raw=-11.314 zeroed=-11.765 filtered=-10.856 eff=-5.856 adm_vx=-0.068 cmd_vx=0.432,/home/artemis/Documents/LAICA_ws/src/laica_bringup/src/laica_velocity_predictor.cpp,computeAdmittanceVelocity,665
1780471542468844064,1780471542.468844175,1780471542,468376359,20,laica_velocity_predictor,Admittance force raw=-12.304 zeroed=-12.756 filtered=-16.581 eff=-11.581 adm_vx=-0.127 cmd_vx=0.373,/home/artemis/Documents/LAICA_ws/src/laica_bringup/src/laica_velocity_predictor.cpp,computeAdmittanceVelocity,665
1780471542609788166,1780471542.609788179,1780471542,609006427,20,laica_velocity_predictor,Admittance force raw=-112.624 zeroed=-113.076 filtered=-56.617 eff=-51.617 adm_vx=-0.245 cmd_vx=0.319,/home/artemis/Documents/LAICA_ws/src/laica_bringup/src/laica_velocity_predictor.cpp,computeAdmittanceVelocity,665
1780471543468892166,1780471543.468892097,1780471543,468424877,20,laica_velocity_predictor,Admittance force raw=-14.088 zeroed=-14.539 filtered=-19.340 eff=-14.340 adm_vx=-0.463 cmd_vx=-0.030,/home/artemis/Documents/LAICA_ws/src/laica_bringup/src/laica_velocity_predictor.cpp,computeAdmittanceVelocity,665
1780471543609753448,1780471543.609753370,1780471543,609077667,20,laica_velocity_predictor,Admittance force raw=-13.069 zeroed=-13.520 filtered=-16.078 eff=-11.078 adm_vx=-0.326 cmd_vx=0.040,/home/artemis/Documents/LAICA_ws/src/laica_bringup/src/laica_velocity_predictor.cpp,computeAdmittanceVelocity,665
1780471544469058459,1780471544.469058514,1780471544,468493052,20,laica_velocity_predictor,Admittance force raw=-14.682 zeroed=-15.134 filtered=-14.002 eff=-9.002 adm_vx=-0.131 cmd_vx=0.369,/home/artemis/Documents/LAICA_ws/src/laica_bringup/src/laica_velocity_predictor.cpp,computeAdmittanceVelocity,665
1780471544610717930,1780471544.610718012,1780471544,609156277,20,laica_velocity_predictor,Admittance force raw=-27.364 zeroed=-27.815 filtered=-15.719 eff=-10.719 adm_vx=-0.122 cmd_vx=0.378,/home/artemis/Documents/LAICA_ws/src/laica_bringup/src/laica_velocity_predictor.cpp,computeAdmittanceVelocity,665
1780471545469112178,1780471545.469112158,1780471545,468542419,20,laica_velocity_predictor,Admittance force raw=-8.568 zeroed=-9.019 filtered=-15.157 eff=-10.157 adm_vx=-0.138 cmd_vx=0.362,/home/artemis/Documents/LAICA_ws/src/laica_bringup/src/laica_velocity_predictor.cpp,computeAdmittanceVelocity,665
1780471545609952853,1780471545.609952927,1780471545,609488028,20,laica_velocity_predictor,Admittance force raw=-10.974 zeroed=-11.426 filtered=-13.911 eff=-8.911 adm_vx=-0.127 cmd_vx=0.373,/home/artemis/Documents/LAICA_ws/src/laica_bringup/src/laica_velocity_predictor.cpp,computeAdmittanceVelocity,665
1780471546469045291,1780471546.469045401,1780471546,468603123,20,laica_velocity_predictor,Admittance force raw=-8.596 zeroed=-9.048 filtered=-13.583 eff=-8.583 adm_vx=-0.122 cmd_vx=0.378,/home/artemis/Documents/LAICA_ws/src/laica_bringup/src/laica_velocity_predictor.cpp,computeAdmittanceVelocity,665
1780471546629880499,1780471546.629880428,1780471546,629274482,20,laica_velocity_predictor,Admittance force raw=-12.163 zeroed=-12.614 filtered=-13.239 eff=-8.239 adm_vx=-0.114 cmd_vx=0.386,/home/artemis/Documents/LAICA_ws/src/laica_bringup/src/laica_velocity_predictor.cpp,computeAdmittanceVelocity,665
1780471547469029328,1780471547.469029427,1780471547,468641243,20,laica_velocity_predictor,Admittance force raw=-9.870 zeroed=-10.322 filtered=-9.486 eff=-4.486 adm_vx=-0.113 cmd_vx=0.387,/home/artemis/Documents/LAICA_ws/src/laica_bringup/src/laica_velocity_predictor.cpp,computeAdmittanceVelocity,665
1780471547630470842,1780471547.630470753,1780471547,629418272,20,laica_velocity_predictor,Admittance force raw=-7.634 zeroed=-8.085 filtered=-7.819 eff=-2.819 adm_vx=-0.080 cmd_vx=0.420,/home/artemis/Documents/LAICA_ws/src/laica_bringup/src/laica_velocity_predictor.cpp,computeAdmittanceVelocity,665
1780471548311864188,1780471548.311864138,1780471548,310429389,30,arduino_sensor_pub,Arduino parse errors: 1,/home/artemis/Documents/LAICA_ws/src/LAICA_enclc/src/arduino_sensor_pub.cpp,publishSensorData,339
1780471548469369616,1780471548.469369650,1780471548,468694475,20,laica_velocity_predictor,Admittance force raw=-11.795 zeroed=-12.246 filtered=-9.835 eff=-4.835 adm_vx=-0.055 cmd_vx=0.445,/home/artemis/Documents/LAICA_ws/src/laica_bringup/src/laica_velocity_predictor.cpp,computeAdmittanceVelocity,665
1780471548649988114,1780471548.649988174,1780471548,649343311,20,laica_velocity_predictor,Admittance force raw=-12.644 zeroed=-13.096 filtered=-11.130 eff=-6.130 adm_vx=-0.057 cmd_vx=0.443,/home/artemis/Documents/LAICA_ws/src/laica_bringup/src/laica_velocity_predictor.cpp,computeAdmittanceVelocity,665
1780471549469802302,1780471549.469802380,1780471549,468744676,20,laica_velocity_predictor,Admittance force raw=-8.087 zeroed=-8.538 filtered=-12.186 eff=-7.186 adm_vx=-0.091 cmd_vx=0.409,/home/artemis/Documents/LAICA_ws/src/laica_bringup/src/laica_velocity_predictor.cpp,computeAdmittanceVelocity,665
1780471549650051821,1780471549.650051832,1780471549,649463629,20,laica_velocity_predictor,Admittance force raw=-6.105 zeroed=-6.557 filtered=-11.835 eff=-6.835 adm_vx=-0.091 cmd_vx=0.409,/home/artemis/Documents/LAICA_ws/src/laica_bringup/src/laica_velocity_predictor.cpp,computeAdmittanceVelocity,665
1780471550469876033,1780471550.469876051,1780471550,468818343,20,laica_velocity_predictor,Admittance force raw=-7.294 zeroed=-7.746 filtered=-9.954 eff=-4.954 adm_vx=-0.068 cmd_vx=0.432,/home/artemis/Documents/LAICA_ws/src/laica_bringup/src/laica_velocity_predictor.cpp,computeAdmittanceVelocity,665
1780471550650269337,1780471550.650269270,1780471550,649498639,20,laica_velocity_predictor,Admittance force raw=-9.219 zeroed=-9.670 filtered=-9.120 eff=-4.120 adm_vx=-0.065 cmd_vx=0.435,/home/artemis/Documents/LAICA_ws/src/laica_bringup/src/laica_velocity_predictor.cpp,computeAdmittanceVelocity,665
1780471551469274471,1780471551.469274521,1780471551,468860592,20,laica_velocity_predictor,Admittance force raw=-11.200 zeroed=-11.652 filtered=-11.010 eff=-6.010 adm_vx=-0.090 cmd_vx=0.410,/home/artemis/Documents/LAICA_ws/src/laica_bringup/src/laica_velocity_predictor.cpp,computeAdmittanceVelocity,665
1780471551651566248,1780471551.651566267,1780471551,649504120,20,laica_velocity_predictor,Admittance force raw=-11.002 zeroed=-11.454 filtered=-10.298 eff=-5.298 adm_vx=-0.079 cmd_vx=0.421,/home/artemis/Documents/LAICA_ws/src/laica_bringup/src/laica_velocity_predictor.cpp,computeAdmittanceVelocity,665
1780471552469855734,1780471552.469855785,1780471552,468961637,20,laica_velocity_predictor,Admittance force raw=-13.833 zeroed=-14.285 filtered=-10.679 eff=-5.679 adm_vx=-0.058 cmd_vx=0.442,/home/artemis/Documents/LAICA_ws/src/laica_bringup/src/laica_velocity_predictor.cpp,computeAdmittanceVelocity,665
1780471552649841179,1780471552.649841070,1780471552,649554859,20,laica_velocity_predictor,Admittance force raw=-4.463 zeroed=-4.915 filtered=-9.127 eff=-4.127 adm_vx=-0.059 cmd_vx=0.441,/home/artemis/Documents/LAICA_ws/src/laica_bringup/src/laica_velocity_predictor.cpp,computeAdmittanceVelocity,665
1780471553469386324,1780471553.469386339,1780471553,468962396,20,laica_velocity_predictor,Admittance force raw=-27.109 zeroed=-27.561 filtered=-31.690 eff=-26.690 adm_vx=-0.193 cmd_vx=0.323,/home/artemis/Documents/LAICA_ws/src/laica_bringup/src/laica_velocity_predictor.cpp,computeAdmittanceVelocity,665
1780471553650164934,1780471553.650164843,1780471553,649665098,20,laica_velocity_predictor,Admittance force raw=-31.978 zeroed=-32.429 filtered=-34.923 eff=-29.923 adm_vx=-0.284 cmd_vx=0.233,/home/artemis/Documents/LAICA_ws/src/laica_bringup/src/laica_velocity_predictor.cpp,computeAdmittanceVelocity,665
1780471554469466200,1780471554.469466209,1780471554,469025984,20,laica_velocity_predictor,Admittance force raw=-4.520 zeroed=-4.972 filtered=-9.742 eff=-4.742 adm_vx=-0.165 cmd_vx=0.335,/home/artemis/Documents/LAICA_ws/src/laica_bringup/src/laica_velocity_predictor.cpp,computeAdmittanceVelocity,665
1780471554651329319,1780471554.651329279,1780471554,649686349,20,laica_velocity_predictor,Admittance force raw=-3.756 zeroed=-4.207 filtered=-5.594 eff=-0.594 adm_vx=-0.093 cmd_vx=0.407,/home/artemis/Documents/LAICA_ws/src/laica_bringup/src/laica_velocity_predictor.cpp,computeAdmittanceVelocity,665
1780471555469556965,1780471555.469557047,1780471555,469189905,20,laica_velocity_predictor,Admittance force raw=-6.020 zeroed=-6.472 filtered=-4.928 eff=0.000 adm_vx=-0.003 cmd_vx=0.497,/home/artemis/Documents/LAICA_ws/src/laica_bringup/src/laica_velocity_predictor.cpp,computeAdmittanceVelocity,665
1780471555650058699,1780471555.650058746,1780471555,649720024,20,laica_velocity_predictor,Admittance force raw=-3.190 zeroed=-3.641 filtered=-3.798 eff=0.000 adm_vx=-0.002 cmd_vx=0.498,/home/artemis/Documents/LAICA_ws/src/laica_bringup/src/laica_velocity_predictor.cpp,computeAdmittanceVelocity,665
1780471556489710946,1780471556.489711046,1780471556,489184742,20,laica_velocity_predictor,Admittance force raw=3.576 zeroed=3.124 filtered=1.121 eff=0.000 adm_vx=-0.000 cmd_vx=0.500,/home/artemis/Documents/LAICA_ws/src/laica_bringup/src/laica_velocity_predictor.cpp,computeAdmittanceVelocity,665
1780471556651392677,1780471556.651392698,1780471556,649759724,20,laica_velocity_predictor,Admittance force raw=9.407 zeroed=8.956 filtered=0.783 eff=0.000 adm_vx=-0.000 cmd_vx=0.500,/home/artemis/Documents/LAICA_ws/src/laica_bringup/src/laica_velocity_predictor.cpp,computeAdmittanceVelocity,665
1780471557489767934,1780471557.489768028,1780471557,489185438,20,laica_velocity_predictor,Admittance force raw=3.491 zeroed=3.039 filtered=-4.555 eff=0.000 adm_vx=-0.005 cmd_vx=0.495,/home/artemis/Documents/LAICA_ws/src/laica_bringup/src/laica_velocity_predictor.cpp,computeAdmittanceVelocity,665
1780471557650406025,1780471557.650406122,1780471557,649828938,20,laica_velocity_predictor,Admittance force raw=3.887 zeroed=3.436 filtered=-1.343 eff=0.000 adm_vx=-0.003 cmd_vx=0.497,/home/artemis/Documents/LAICA_ws/src/laica_bringup/src/laica_velocity_predictor.cpp,computeAdmittanceVelocity,665
1780471558312594186,1780471558.312594175,1780471558,311605332,30,arduino_sensor_pub,Arduino parse errors: 1,/home/artemis/Documents/LAICA_ws/src/LAICA_enclc/src/arduino_sensor_pub.cpp,publishSensorData,339
1780471558489746398,1780471558.489746332,1780471558,489242050,20,laica_velocity_predictor,Admittance force raw=-5.058 zeroed=-5.509 filtered=-0.471 eff=0.000 adm_vx=-0.000 cmd_vx=0.500,/home/artemis/Documents/LAICA_ws/src/laica_bringup/src/laica_velocity_predictor.cpp,computeAdmittanceVelocity,665
1780471558650537139,1780471558.650537252,1780471558,649960435,20,laica_velocity_predictor,Admittance force raw=-5.058 zeroed=-5.509 filtered=-2.664 eff=0.000 adm_vx=-0.000 cmd_vx=0.500,/home/artemis/Documents/LAICA_ws/src/laica_bringup/src/laica_velocity_predictor.cpp,computeAdmittanceVelocity,665
1780471559490053015,1780471559.490052938,1780471559,489608863,20,laica_velocity_predictor,Admittance force raw=-12.021 zeroed=-12.473 filtered=-4.166 eff=0.000 adm_vx=-0.000 cmd_vx=0.500,/home/artemis/Documents/LAICA_ws/src/laica_bringup/src/laica_velocity_predictor.cpp,computeAdmittanceVelocity,665
1780471559650459673,1780471559.650459766,1780471559,650028321,20,laica_velocity_predictor,Admittance force raw=-12.871 zeroed=-13.322 filtered=-4.973 eff=0.000 adm_vx=-0.000 cmd_vx=0.500,/home/artemis/Documents/LAICA_ws/src/laica_bringup/src/laica_velocity_predictor.cpp,computeAdmittanceVelocity,665
1780471560510049582,1780471560.510049582,1780471560,509351719,20,laica_velocity_predictor,Admittance force raw=-16.947 zeroed=-17.398 filtered=-25.885 eff=-20.885 adm_vx=-0.210 cmd_vx=0.290,/home/artemis/Documents/LAICA_ws/src/laica_bringup/src/laica_velocity_predictor.cpp,computeAdmittanceVelocity,665
1780471560670484658,1780471560.670484543,1780471560,669995703,20,laica_velocity_predictor,Admittance force raw=-17.456 zeroed=-17.908 filtered=-22.391 eff=-17.391 adm_vx=-0.223 cmd_vx=0.277,/home/artemis/Documents/LAICA_ws/src/laica_bringup/src/laica_velocity_predictor.cpp,computeAdmittanceVelocity,665
1780471561509894046,1780471561.509894133,1780471561,509406596,20,laica_velocity_predictor,Admittance force raw=2.896 zeroed=2.445 filtered=-3.216 eff=0.000 adm_vx=-0.043 cmd_vx=0.457,/home/artemis/Documents/LAICA_ws/src/laica_bringup/src/laica_velocity_predictor.cpp,computeAdmittanceVelocity,665
1780471561670578033,1780471561.670578003,1780471561,670060565,20,laica_velocity_predictor,Admittance force raw=-7.945 zeroed=-8.397 filtered=-5.579 eff=-0.579 adm_vx=-0.023 cmd_vx=0.477,/home/artemis/Documents/LAICA_ws/src/laica_bringup/src/laica_velocity_predictor.cpp,computeAdmittanceVelocity,665
1780471562509990117,1780471562.509990215,1780471562,509463880,20,laica_velocity_predictor,Admittance force raw=-29.289 zeroed=-29.740 filtered=-16.211 eff=-11.211 adm_vx=-0.130 cmd_vx=0.370,/home/artemis/Documents/LAICA_ws/src/laica_bringup/src/laica_velocity_predictor.cpp,computeAdmittanceVelocity,665
1780471562670724156,1780471562.670724154,1780471562,670102426,20,laica_velocity_predictor,Admittance force raw=-34.525 zeroed=-34.977 filtered=-24.088 eff=-19.088 adm_vx=-0.166 cmd_vx=0.334,/home/artemis/Documents/LAICA_ws/src/laica_bringup/src/laica_velocity_predictor.cpp,computeAdmittanceVelocity,665
1780471563511248722,1780471563.511248827,1780471563,509712350,20,laica_velocity_predictor,Admittance force raw=-33.110 zeroed=-33.562 filtered=-21.254 eff=-16.254 adm_vx=-0.194 cmd_vx=0.306,/home/artemis/Documents/LAICA_ws/src/laica_bringup/src/laica_velocity_predictor.cpp,computeAdmittanceVelocity,665
1780471563670556957,1780471563.670557022,1780471563,670214346,20,laica_velocity_predictor,Admittance force raw=-34.129 zeroed=-34.581 filtered=-23.676 eff=-18.676 adm_vx=-0.200 cmd_vx=0.300,/home/artemis/Documents/LAICA_ws/src/laica_bringup/src/laica_velocity_predictor.cpp,computeAdmittanceVelocity,665
1780471564530149006,1780471564.530148983,1780471564,529563277,20,laica_velocity_predictor,Admittance force raw=-9.219 zeroed=-9.670 filtered=-16.040 eff=-11.040 adm_vx=-0.153 cmd_vx=0.347,/home/artemis/Documents/LAICA_ws/src/laica_bringup/src/laica_velocity_predictor.cpp,computeAdmittanceVelocity,665
1780471564690528436,1780471564.690528393,1780471564,690243236,20,laica_velocity_predictor,Admittance force raw=-8.200 zeroed=-8.651 filtered=-14.373 eff=-9.373 adm_vx=-0.144 cmd_vx=0.356,/home/artemis/Documents/LAICA_ws/src/laica_bringup/src/laica_velocity_predictor.cpp,computeAdmittanceVelocity,665
1780471565530158279,1780471565.530158281,1780471565,529645547,20,laica_velocity_predictor,Admittance force raw=-25.665 zeroed=-26.117 filtered=-21.120 eff=-16.120 adm_vx=-0.150 cmd_vx=0.350,/home/artemis/Documents/LAICA_ws/src/laica_bringup/src/laica_velocity_predictor.cpp,computeAdmittanceVelocity,665
1780471565690622803,1780471565.690622807,1780471565,690284385,20,laica_velocity_predictor,Admittance force raw=-37.696 zeroed=-38.147 filtered=-31.115 eff=-26.115 adm_vx=-0.220 cmd_vx=0.280,/home/artemis/Documents/LAICA_ws/src/laica_bringup/src/laica_velocity_predictor.cpp,computeAdmittanceVelocity,665
1780471566530116102,1780471566.530116081,1780471566,529684590,20,laica_velocity_predictor,Admittance force raw=-17.145 zeroed=-17.596 filtered=-23.355 eff=-18.355 adm_vx=-0.300 cmd_vx=0.200,/home/artemis/Documents/LAICA_ws/src/laica_bringup/src/laica_velocity_predictor.cpp,computeAdmittanceVelocity,665
1780471566690830369,1780471566.690830469,1780471566,690310596,20,laica_velocity_predictor,Admittance force raw=-17.796 zeroed=-18.248 filtered=-18.164 eff=-13.164 adm_vx=-0.244 cmd_vx=0.256,/home/artemis/Documents/LAICA_ws/src/laica_bringup/src/laica_velocity_predictor.cpp,computeAdmittanceVelocity,665
1780471566819908761,1780471566.819908857,1780471566,819692237,20,unitree_ros_node,Robot battery level is at: 22%,/home/artemis/Documents/LAICA_ws/src/unitree_ros/src/unitree_ros.cpp,check_robot_battery_callback_,156
1780471567530080045,1780471567.530080080,1780471567,529736602,20,laica_velocity_predictor,Admittance force raw=0.094 zeroed=-0.357 filtered=-7.426 eff=-2.426 adm_vx=-0.054 cmd_vx=0.446,/home/artemis/Documents/LAICA_ws/src/laica_bringup/src/laica_velocity_predictor.cpp,computeAdmittanceVelocity,665
1780471567691243265,1780471567.691243172,1780471567,690537403,20,laica_velocity_predictor,Admittance force raw=-2.482 zeroed=-2.933 filtered=-6.944 eff=-1.944 adm_vx=-0.038 cmd_vx=0.462,/home/artemis/Documents/LAICA_ws/src/laica_bringup/src/laica_velocity_predictor.cpp,computeAdmittanceVelocity,665
1780471568322495130,1780471568.322495222,1780471568,321567687,30,arduino_sensor_pub,Arduino parse errors: 1,/home/artemis/Documents/LAICA_ws/src/LAICA_enclc/src/arduino_sensor_pub.cpp,publishSensorData,339
1780471568531092373,1780471568.531092405,1780471568,529775437,20,laica_velocity_predictor,Admittance force raw=-5.426 zeroed=-5.877 filtered=-7.606 eff=-2.606 adm_vx=-0.038 cmd_vx=0.462,/home/artemis/Documents/LAICA_ws/src/laica_bringup/src/laica_velocity_predictor.cpp,computeAdmittanceVelocity,665
1780471568690917762,1780471568.690917730,1780471568,690615729,20,laica_velocity_predictor,Admittance force raw=-3.473 zeroed=-3.924 filtered=-7.671 eff=-2.671 adm_vx=-0.039 cmd_vx=0.461,/home/artemis/Documents/LAICA_ws/src/laica_bringup/src/laica_velocity_predictor.cpp,computeAdmittanceVelocity,665
1780471569530366181,1780471569.530366182,1780471569,529839721,20,laica_velocity_predictor,Admittance force raw=-6.671 zeroed=-7.123 filtered=-7.212 eff=-2.212 adm_vx=-0.035 cmd_vx=0.465,/home/artemis/Documents/LAICA_ws/src/laica_bringup/src/laica_velocity_predictor.cpp,computeAdmittanceVelocity,665
1780471569710991046,1780471569.710991144,1780471569,710492427,20,laica_velocity_predictor,Admittance force raw=-8.370 zeroed=-8.821 filtered=-7.398 eff=-2.398 adm_vx=-0.033 cmd_vx=0.467,/home/artemis/Documents/LAICA_ws/src/laica_bringup/src/laica_velocity_predictor.cpp,computeAdmittanceVelocity,665
1780471570530307874,1780471570.530307770,1780471570,529890412,20,laica_velocity_predictor,Admittance force raw=-11.200 zeroed=-11.652 filtered=-8.569 eff=-3.569 adm_vx=-0.034 cmd_vx=0.466,/home/artemis/Documents/LAICA_ws/src/laica_bringup/src/laica_velocity_predictor.cpp,computeAdmittanceVelocity,665
1780471570710845920,1780471570.710845947,1780471570,710545743,20,laica_velocity_predictor,Admittance force raw=-11.427 zeroed=-11.878 filtered=-8.968 eff=-3.968 adm_vx=-0.038 cmd_vx=0.462,/home/artemis/Documents/LAICA_ws/src/laica_bringup/src/laica_velocity_predictor.cpp,computeAdmittanceVelocity,665
1780471571531229981,1780471571.531229973,1780471571,530137953,20,laica_velocity_predictor,Admittance force raw=-8.709 zeroed=-9.161 filtered=-9.377 eff=-4.377 adm_vx=-0.052 cmd_vx=0.448,/home/artemis/Documents/LAICA_ws/src/laica_bringup/src/laica_velocity_predictor.cpp,computeAdmittanceVelocity,665
1780471571711082614,1780471571.711082697,1780471571,710588699,20,laica_velocity_predictor,Admittance force raw=-1.746 zeroed=-2.197 filtered=-7.341 eff=-2.341 adm_vx=-0.046 cmd_vx=0.454,/home/artemis/Documents/LAICA_ws/src/laica_bringup/src/laica_velocity_predictor.cpp,computeAdmittanceVelocity,665
1780471572550420103,1780471572.550420046,1780471572,550015089,20,laica_velocity_predictor,Admittance force raw=-7.124 zeroed=-7.576 filtered=-8.453 eff=-3.453 adm_vx=-0.041 cmd_vx=0.459,/home/artemis/Documents/LAICA_ws/src/laica_bringup/src/laica_velocity_predictor.cpp,computeAdmittanceVelocity,665
1780471572710954848,1780471572.710954905,1780471572,710651055,20,laica_velocity_predictor,Admittance force raw=-6.926 zeroed=-7.378 filtered=-8.420 eff=-3.420 adm_vx=-0.044 cmd_vx=0.456,/home/artemis/Documents/LAICA_ws/src/laica_bringup/src/laica_velocity_predictor.cpp,computeAdmittanceVelocity,665
1780471573550514468,1780471573.550514460,1780471573,550097453,20,laica_velocity_predictor,Admittance force raw=-6.417 zeroed=-6.868 filtered=-5.727 eff=-0.727 adm_vx=-0.025 cmd_vx=0.475,/home/artemis/Documents/LAICA_ws/src/laica_bringup/src/laica_velocity_predictor.cpp,computeAdmittanceVelocity,665
1780471573712326852,1780471573.712326765,1780471573,710707403,20,laica_velocity_predictor,Admittance force raw=-7.549 zeroed=-8.000 filtered=-5.752 eff=-0.752 adm_vx=-0.017 cmd_vx=0.483,/home/artemis/Documents/LAICA_ws/src/laica_bringup/src/laica_velocity_predictor.cpp,computeAdmittanceVelocity,665
1780471574550711918,1780471574.550711870,1780471574,550207922,20,laica_velocity_predictor,Admittance force raw=-18.221 zeroed=-18.672 filtered=-8.844 eff=-3.844 adm_vx=-0.023 cmd_vx=0.477,/home/artemis/Documents/LAICA_ws/src/laica_bringup/src/laica_velocity_predictor.cpp,computeAdmittanceVelocity,665
1780471574711202439,1780471574.711202383,1780471574,710842195,20,laica_velocity_predictor,Admittance force raw=-8.257 zeroed=-8.708 filtered=-8.663 eff=-3.663 adm_vx=-0.033 cmd_vx=0.467,/home/artemis/Documents/LAICA_ws/src/laica_bringup/src/laica_velocity_predictor.cpp,computeAdmittanceVelocity,665
1780471575550671026,1780471575.550671101,1780471575,550185720,20,laica_velocity_predictor,Admittance force raw=-4.775 zeroed=-5.226 filtered=-8.046 eff=-3.046 adm_vx=-0.020 cmd_vx=0.480,/home/artemis/Documents/LAICA_ws/src/laica_bringup/src/laica_velocity_predictor.cpp,computeAdmittanceVelocity,665
1780471575711622758,1780471575.711622715,1780471575,710886077,20,laica_velocity_predictor,Admittance force raw=-5.171 zeroed=-5.623 filtered=-11.296 eff=-6.296 adm_vx=-0.041 cmd_vx=0.459,/home/artemis/Documents/LAICA_ws/src/laica_bringup/src/laica_velocity_predictor.cpp,computeAdmittanceVelocity,665
1780471576551860322,1780471576.551860332,1780471576,550238985,20,laica_velocity_predictor,Admittance force raw=-2.765 zeroed=-3.217 filtered=-6.332 eff=-1.332 adm_vx=-0.060 cmd_vx=0.440,/home/artemis/Documents/LAICA_ws/src/laica_bringup/src/laica_velocity_predictor.cpp,computeAdmittanceVelocity,665
1780471576711469581,1780471576.711469650,1780471576,711047221,20,laica_velocity_predictor,Admittance force raw=1.509 zeroed=1.058 filtered=-5.308 eff=-0.308 adm_vx=-0.041 cmd_vx=0.459,/home/artemis/Documents/LAICA_ws/src/laica_bringup/src/laica_velocity_predictor.cpp,computeAdmittanceVelocity,665
1780471577550700920,1780471577.550700903,1780471577,550300450,20,laica_velocity_predictor,Admittance force raw=-7.124 zeroed=-7.576 filtered=-3.934 eff=0.000 adm_vx=-0.007 cmd_vx=0.493,/home/artemis/Documents/LAICA_ws/src/laica_bringup/src/laica_velocity_predictor.cpp,computeAdmittanceVelocity,665
1780471577732257047,1780471577.732257128,1780471577,730879723,20,laica_velocity_predictor,Admittance force raw=-7.294 zeroed=-7.746 filtered=-3.173 eff=0.000 adm_vx=-0.003 cmd_vx=0.497,/home/artemis/Documents/LAICA_ws/src/laica_bringup/src/laica_velocity_predictor.cpp,computeAdmittanceVelocity,665
1780471578323512048,1780471578.323512077,1780471578,322051103,30,arduino_sensor_pub,Arduino parse errors: 1,/home/artemis/Documents/LAICA_ws/src/LAICA_enclc/src/arduino_sensor_pub.cpp,publishSensorData,339
1780471578550952067,1780471578.550951958,1780471578,550352098,20,laica_velocity_predictor,Admittance force raw=-0.699 zeroed=-1.150 filtered=-0.930 eff=0.000 adm_vx=-0.000 cmd_vx=0.500,/home/artemis/Documents/LAICA_ws/src/laica_bringup/src/laica_velocity_predictor.cpp,computeAdmittanceVelocity,665
1780471578731241790,1780471578.731241703,1780471578,730973743,20,laica_velocity_predictor,Admittance force raw=-1.350 zeroed=-1.801 filtered=-1.413 eff=0.000 adm_vx=-0.000 cmd_vx=0.500,/home/artemis/Documents/LAICA_ws/src/laica_bringup/src/laica_velocity_predictor.cpp,computeAdmittanceVelocity,665
1780471579550966121,1780471579.550966024,1780471579,550415274,20,laica_velocity_predictor,Admittance force raw=-0.189 zeroed=-0.641 filtered=-2.284 eff=0.000 adm_vx=-0.000 cmd_vx=0.500,/home/artemis/Documents/LAICA_ws/src/laica_bringup/src/laica_velocity_predictor.cpp,computeAdmittanceVelocity,665
1780471579731555061,1780471579.731554985,1780471579,731021400,20,laica_velocity_predictor,Admittance force raw=-0.132 zeroed=-0.584 filtered=-1.622 eff=0.000 adm_vx=-0.000 cmd_vx=0.500,/home/artemis/Documents/LAICA_ws/src/laica_bringup/src/laica_velocity_predictor.cpp,computeAdmittanceVelocity,665
1780471580551185889,1780471580.551185846,1780471580,550552670,20,laica_velocity_predictor,Admittance force raw=4.340 zeroed=3.889 filtered=0.130 eff=0.000 adm_vx=-0.000 cmd_vx=0.500,/home/artemis/Documents/LAICA_ws/src/laica_bringup/src/laica_velocity_predictor.cpp,computeAdmittanceVelocity,665
1780471580731460510,1780471580.731460571,1780471580,731093065,20,laica_velocity_predictor,Admittance force raw=-3.784 zeroed=-4.236 filtered=-0.272 eff=0.000 adm_vx=-0.000 cmd_vx=0.500,/home/artemis/Documents/LAICA_ws/src/laica_bringup/src/laica_velocity_predictor.cpp,computeAdmittanceVelocity,665
1780471581570998195,1780471581.570998192,1780471581,570523833,20,laica_velocity_predictor,Admittance force raw=-7.068 zeroed=-7.519 filtered=-4.245 eff=0.000 adm_vx=-0.000 cmd_vx=0.500,/home/artemis/Documents/LAICA_ws/src/laica_bringup/src/laica_velocity_predictor.cpp,computeAdmittanceVelocity,665
1780471581732431848,1780471581.732431889,1780471581,731137185,20,laica_velocity_predictor,Admittance force raw=-2.878 zeroed=-3.330 filtered=-2.166 eff=0.000 adm_vx=-0.000 cmd_vx=0.500,/home/artemis/Documents/LAICA_ws/src/laica_bringup/src/laica_velocity_predictor.cpp,computeAdmittanceVelocity,665
1780471582571051249,1780471582.571051359,1780471582,570580791,20,laica_velocity_predictor,Admittance force raw=5.076 zeroed=4.625 filtered=3.927 eff=0.000 adm_vx=0.017 cmd_vx=0.517,/home/artemis/Documents/LAICA_ws/src/laica_bringup/src/laica_velocity_predictor.cpp,computeAdmittanceVelocity,665
1780471582731717053,1780471582.731717110,1780471582,731190112,20,laica_velocity_predictor,Admittance force raw=6.010 zeroed=5.559 filtered=2.836 eff=0.000 adm_vx=0.009 cmd_vx=0.509,/home/artemis/Documents/LAICA_ws/src/laica_bringup/src/laica_velocity_predictor.cpp,computeAdmittanceVelocity,665
1780471583571090070,1780471583.571089983,1780471583,570619004,20,laica_velocity_predictor,Admittance force raw=-7.124 zeroed=-7.576 filtered=-9.400 eff=-4.400 adm_vx=-0.020 cmd_vx=0.480,/home/artemis/Documents/LAICA_ws/src/laica_bringup/src/laica_velocity_predictor.cpp,computeAdmittanceVelocity,665
1780471583732269759,1780471583.732269764,1780471583,731236102,20,laica_velocity_predictor,Admittance force raw=-8.823 zeroed=-9.274 filtered=-12.948 eff=-7.948 adm_vx=-0.055 cmd_vx=0.445,/home/artemis/Documents/LAICA_ws/src/laica_bringup/src/laica_velocity_predictor.cpp,computeAdmittanceVelocity,665
1780471584571934190,1780471584.571934223,1780471584,570672489,20,laica_velocity_predictor,Admittance force raw=-32.317 zeroed=-32.769 filtered=-34.531 eff=-29.531 adm_vx=-0.327 cmd_vx=0.173,/home/artemis/Documents/LAICA_ws/src/laica_bringup/src/laica_velocity_predictor.cpp,computeAdmittanceVelocity,665
1780471584731704075,1780471584.731703997,1780471584,731302773,20,laica_velocity_predictor,Admittance force raw=-33.223 zeroed=-33.675 filtered=-33.185 eff=-28.185 adm_vx=-0.347 cmd_vx=0.153,/home/artemis/Documents/LAICA_ws/src/laica_bringup/src/laica_velocity_predictor.cpp,computeAdmittanceVelocity,665
1780471585571245210,1780471585.571245193,1780471585,570740958,20,laica_velocity_predictor,Admittance force raw=-40.243 zeroed=-40.695 filtered=-34.622 eff=-29.622 adm_vx=-0.377 cmd_vx=0.123,/home/artemis/Documents/LAICA_ws/src/laica_bringup/src/laica_velocity_predictor.cpp,computeAdmittanceVelocity,665
1780471585731680860,1780471585.731680870,1780471585,731359595,20,laica_velocity_predictor,Admittance force raw=-39.083 zeroed=-39.534 filtered=-33.086 eff=-28.086 adm_vx=-0.363 cmd_vx=0.137,/home/artemis/Documents/LAICA_ws/src/laica_bringup/src/laica_velocity_predictor.cpp,computeAdmittanceVelocity,665
1780471586572286603,1780471586.572286606,1780471586,570808954,20,laica_velocity_predictor,Admittance force raw=-19.183 zeroed=-19.635 filtered=-21.609 eff=-16.609 adm_vx=-0.267 cmd_vx=0.233,/home/artemis/Documents/LAICA_ws/src/laica_bringup/src/laica_velocity_predictor.cpp,computeAdmittanceVelocity,665
1780471586731925123,1780471586.731925011,1780471586,731631347,20,laica_velocity_predictor,Admittance force raw=-27.024 zeroed=-27.476 filtered=-21.536 eff=-16.536 adm_vx=-0.230 cmd_vx=0.270,/home/artemis/Documents/LAICA_ws/src/laica_bringup/src/laica_velocity_predictor.cpp,computeAdmittanceVelocity,665
1780471587571555779,1780471587.571555853,1780471587,570850076,20,laica_velocity_predictor,Admittance force raw=-9.559 zeroed=-10.010 filtered=-15.280 eff=-10.280 adm_vx=-0.183 cmd_vx=0.317,/home/artemis/Documents/LAICA_ws/src/laica_bringup/src/laica_velocity_predictor.cpp,computeAdmittanceVelocity,665
1780471587751864971,1780471587.751864910,1780471587,751474773,20,laica_velocity_predictor,Admittance force raw=-3.190 zeroed=-3.641 filtered=-8.611 eff=-3.611 adm_vx=-0.127 cmd_vx=0.373,/home/artemis/Documents/LAICA_ws/src/laica_bringup/src/laica_velocity_predictor.cpp,computeAdmittanceVelocity,665
1780471588324282725,1780471588.324282646,1780471588,322689838,30,arduino_sensor_pub,Arduino parse errors: 1,/home/artemis/Documents/LAICA_ws/src/LAICA_enclc/src/arduino_sensor_pub.cpp,publishSensorData,339
1780471588572229231,1780471588.572229147,1780471588,570907750,20,laica_velocity_predictor,Admittance force raw=-46.188 zeroed=-46.639 filtered=-53.065 eff=-48.065 adm_vx=-0.573 cmd_vx=0.058,/home/artemis/Documents/LAICA_ws/src/laica_bringup/src/laica_velocity_predictor.cpp,computeAdmittanceVelocity,665
1780471588751881556,1780471588.751881599,1780471588,751520448,20,laica_velocity_predictor,Admittance force raw=-45.424 zeroed=-45.875 filtered=-45.690 eff=-40.690 adm_vx=-0.559 cmd_vx=-0.032,/home/artemis/Documents/LAICA_ws/src/laica_bringup/src/laica_velocity_predictor.cpp,computeAdmittanceVelocity,665
1780471589571407152,1780471589.571407080,1780471589,570966392,20,laica_velocity_predictor,Admittance force raw=-12.333 zeroed=-12.784 filtered=-20.698 eff=-15.698 adm_vx=-0.352 cmd_vx=0.133,/home/artemis/Documents/LAICA_ws/src/laica_bringup/src/laica_velocity_predictor.cpp,computeAdmittanceVelocity,665
1780471589751982057,1780471589.751981974,1780471589,751578931,20,laica_velocity_predictor,Admittance force raw=-18.107 zeroed=-18.559 filtered=-16.350 eff=-11.350 adm_vx=-0.250 cmd_vx=0.223,/home/artemis/Documents/LAICA_ws/src/laica_bringup/src/laica_velocity_predictor.cpp,computeAdmittanceVelocity,665
1780471590571578703,1780471590.571578741,1780471590,571178713,20,laica_velocity_predictor,Admittance force raw=-40.074 zeroed=-40.525 filtered=-37.334 eff=-32.334 adm_vx=-0.375 cmd_vx=0.125,/home/artemis/Documents/LAICA_ws/src/laica_bringup/src/laica_velocity_predictor.cpp,computeAdmittanceVelocity,665
1780471590752358164,1780471590.752358198,1780471590,751639885,20,laica_velocity_predictor,Admittance force raw=-21.363 zeroed=-21.814 filtered=-31.199 eff=-26.199 adm_vx=-0.361 cmd_vx=0.139,/home/artemis/Documents/LAICA_ws/src/laica_bringup/src/laica_velocity_predictor.cpp,computeAdmittanceVelocity,665
1780471591591652218,1780471591.591652155,1780471591,591065817,20,laica_velocity_predictor,Admittance force raw=-27.420 zeroed=-27.872 filtered=-28.111 eff=-23.111 adm_vx=-0.277 cmd_vx=0.223,/home/artemis/Documents/LAICA_ws/src/laica_bringup/src/laica_velocity_predictor.cpp,computeAdmittanceVelocity,665
1780471591752286606,1780471591.752286673,1780471591,751981662,20,laica_velocity_predictor,Admittance force raw=-26.316 zeroed=-26.768 filtered=-30.601 eff=-25.601 adm_vx=-0.295 cmd_vx=0.205,/home/artemis/Documents/LAICA_ws/src/laica_bringup/src/laica_velocity_predictor.cpp,computeAdmittanceVelocity,665
1780471592592036050,1780471592.592036009,1780471592,591102847,20,laica_velocity_predictor,Admittance force raw=-27.251 zeroed=-27.702 filtered=-30.440 eff=-25.440 adm_vx=-0.347 cmd_vx=0.153,/home/artemis/Documents/LAICA_ws/src/laica_bringup/src/laica_velocity_predictor.cpp,computeAdmittanceVelocity,665
1780471592772312863,1780471592.772312880,1780471592,771759521,20,laica_velocity_predictor,Admittance force raw=-31.950 zeroed=-32.401 filtered=-29.226 eff=-24.226 adm_vx=-0.328 cmd_vx=0.172,/home/artemis/Documents/LAICA_ws/src/laica_bringup/src/laica_velocity_predictor.cpp,computeAdmittanceVelocity,665
1780471593591627911,1780471593.591627836,1780471593,591154349,20,laica_velocity_predictor,Admittance force raw=-51.085 zeroed=-51.537 filtered=-35.693 eff=-30.693 adm_vx=-0.323 cmd_vx=0.177,/home/artemis/Documents/LAICA_ws/src/laica_bringup/src/laica_velocity_predictor.cpp,computeAdmittanceVelocity,665
1780471593772092223,1780471593.772092104,1780471593,771798799,20,laica_velocity_predictor,Admittance force raw=-42.083 zeroed=-42.535 filtered=-36.128 eff=-31.128 adm_vx=-0.352 cmd_vx=0.148,/home/artemis/Documents/LAICA_ws/src/laica_bringup/src/laica_velocity_predictor.cpp,computeAdmittanceVelocity,665
1780471594591618424,1780471594.591618538,1780471594,591221666,20,laica_velocity_predictor,Admittance force raw=-26.090 zeroed=-26.541 filtered=-27.875 eff=-22.875 adm_vx=-0.249 cmd_vx=0.251,/home/artemis/Documents/LAICA_ws/src/laica_bringup/src/laica_velocity_predictor.cpp,computeAdmittanceVelocity,665
1780471594772466055,1780471594.772465944,1780471594,772148853,20,laica_velocity_predictor,Admittance force raw=-29.911 zeroed=-30.363 filtered=-28.851 eff=-23.851 adm_vx=-0.270 cmd_vx=0.230,/home/artemis/Documents/LAICA_ws/src/laica_bringup/src/laica_velocity_predictor.cpp,computeAdmittanceVelocity,665
1780471595591601936,1780471595.591601849,1780471595,591262174,20,laica_velocity_predictor,Admittance force raw=-19.410 zeroed=-19.861 filtered=-22.596 eff=-17.596 adm_vx=-0.261 cmd_vx=0.239,/home/artemis/Documents/LAICA_ws/src/laica_bringup/src/laica_velocity_predictor.cpp,computeAdmittanceVelocity,665
1780471595792539472,1780471595.792539358,1780471595,791908013,20,laica_velocity_predictor,Admittance force raw=-25.779 zeroed=-26.230 filtered=-25.024 eff=-20.024 adm_vx=-0.250 cmd_vx=0.250,/home/artemis/Documents/LAICA_ws/src/laica_bringup/src/laica_velocity_predictor.cpp,computeAdmittanceVelocity,665
1780471595995364727,1780471595.995364666,1780471595,993502033,30,laica_velocity_predictor,Switch 1 pressed; shutting down admittance predictor,/home/artemis/Documents/LAICA_ws/src/laica_bringup/src/laica_velocity_predictor.cpp,switchCallback,543
1780471595998788403,1780471595.998788357,1780471595,997588273,30,laica_velocity_predictor,Switch 1 pressed; shutting down admittance predictor,/home/artemis/Documents/LAICA_ws/src/laica_bringup/src/laica_velocity_predictor.cpp,switchCallback,543
1780471598323495126,1780471598.323495150,1780471598,323173156,30,arduino_sensor_pub,Arduino parse errors: 1,/home/artemis/Documents/LAICA_ws/src/LAICA_enclc/src/arduino_sensor_pub.cpp,publishSensorData,339
1780471608324197998,1780471608.324198008,1780471608,323674129,30,arduino_sensor_pub,Arduino parse errors: 1,/home/artemis/Documents/LAICA_ws/src/LAICA_enclc/src/arduino_sensor_pub.cpp,publishSensorData,339
1780471618325227410,1780471618.325227499,1780471618,324239100,30,arduino_sensor_pub,Arduino parse errors: 1,/home/artemis/Documents/LAICA_ws/src/LAICA_enclc/src/arduino_sensor_pub.cpp,publishSensorData,339
1780471626824437548,1780471626.824437618,1780471626,821779066,20,unitree_ros_node,Robot battery level is at: 15%,/home/artemis/Documents/LAICA_ws/src/unitree_ros/src/unitree_ros.cpp,check_robot_battery_callback_,156
1780471628325268769,1780471628.325268745,1780471628,324759717,30,arduino_sensor_pub,Arduino parse errors: 1,/home/artemis/Documents/LAICA_ws/src/LAICA_enclc/src/arduino_sensor_pub.cpp,publishSensorData,339
1780471638325800532,1780471638.325800419,1780471638,325407582,30,arduino_sensor_pub,Arduino parse errors: 1,/home/artemis/Documents/LAICA_ws/src/LAICA_enclc/src/arduino_sensor_pub.cpp,publishSensorData,339
1780471648326718700,1780471648.326718807,1780471648,325929601,30,arduino_sensor_pub,Arduino parse errors: 1,/home/artemis/Documents/LAICA_ws/src/LAICA_enclc/src/arduino_sensor_pub.cpp,publishSensorData,339
1780471658326846963,1780471658.326847076,1780471658,326565860,30,arduino_sensor_pub,Arduino parse errors: 1,/home/artemis/Documents/LAICA_ws/src/LAICA_enclc/src/arduino_sensor_pub.cpp,publishSensorData,339
1780471668327178345,1780471668.327178240,1780471668,326975486,30,arduino_sensor_pub,Arduino parse errors: 1,/home/artemis/Documents/LAICA_ws/src/LAICA_enclc/src/arduino_sensor_pub.cpp,publishSensorData,339
1780471678329502237,1780471678.329502344,1780471678,327599155,30,arduino_sensor_pub,Arduino parse errors: 1,/home/artemis/Documents/LAICA_ws/src/LAICA_enclc/src/arduino_sensor_pub.cpp,publishSensorData,339
1780471686825998802,1780471686.825998783,1780471686,825165251,20,unitree_ros_node,Robot battery level is at: 10%,/home/artemis/Documents/LAICA_ws/src/unitree_ros/src/unitree_ros.cpp,check_robot_battery_callback_,156
1780471688328362187,1780471688.328362226,1780471688,328072091,30,arduino_sensor_pub,Arduino parse errors: 1,/home/artemis/Documents/LAICA_ws/src/LAICA_enclc/src/arduino_sensor_pub.cpp,publishSensorData,339
